update,variable_updated,c,b,a,MSE
0,initial,0.0,0.0,0.0,17.75
1,c,3.25,0.0,0.0,7.1875
2,b,3.25,0.8214285714285714,0.0,4.825892857142857
3,a,3.25,0.8214285714285714,0.08090379008746358,4.665529987505206
4,c,1.7346938775510203,0.8214285714285714,0.08090379008746358,2.369377342773844
5,b,1.7346938775510203,1.2628071636817992,0.08090379008746358,1.6875246268258004
6,a,1.7346938775510203,1.2628071636817992,0.1352370185891933,1.6151981836999816
7,c,0.8824596894151246,1.2628071636817992,0.1352370185891933,0.8888950722723323
8,b,0.8824596894151246,1.4883363710213067,0.1352370185891933,0.7108730905011788
9,a,0.8824596894151246,1.4883363710213067,0.17413729583082876,0.6737989170490148
10,c,0.4080149080601392,1.4883363710213067,0.17413729583082876,0.44870106649403513
11,b,0.4080149080601392,1.5916405644092377,0.17413729583082876,0.41134991919367636
12,a,0.4080149080601392,1.5916405644092377,0.20396664253495408,0.3895500660362009
13,c,0.14865590451380395,1.5916405644092377,0.20396664253495408,0.32228297331565303
14,b,0.14865590451380395,1.6260903886899165,0.20396664253495408,0.3181292069402593
15,a,0.14865590451380395,1.6260903886899165,0.22836289126499737,0.30354737161385476
16,c,0.011594297537634302,1.6260903886899165,0.22836289126499737,0.2847614875069646
17,b,0.011594297537634302,1.6220978663738777,0.22836289126499737,0.2847056966864103
18,a,0.011594297537634302,1.6220978663738777,0.2494097616838115,0.273852913202965
19,c,-0.05608096545415664,1.6220978663738777,0.2494097616838115,0.26927297198195693
20,b,-0.05608096545415664,1.5969810265791236,0.2494097616838115,0.267064977237493
21,a,-0.05608096545415664,1.5969810265791236,0.2683042506072422,0.2583184353013909
22,c,-0.08453641699403325,1.5969810265791236,0.2683042506072422,0.2575087225790526
23,b,-0.08453641699403325,1.5605903914359627,0.2683042506072422,0.25287374843762317
24,a,-0.08453641699403325,1.5605903914359627,0.2857373035328756,0.24542792074707895
25,c,-0.09096614951900883,1.5605903914359627,0.2857373035328756,0.2453865792867362
26,b,-0.09096614951900883,1.5185181407093238,0.2857373035328756,0.23919131930251783
27,a,-0.09096614951900883,1.5185181407093238,0.30211094926255583,0.23262296057773169
28,c,-0.0851655334829311,1.5185181407093238,0.30211094926255583,0.23258931343133374
29,b,-0.0851655334829311,1.4739285019603983,0.30211094926255583,0.2256304878381748
30,a,-0.0851655334829311,1.4739285019603983,0.3176621571243541,0.21970540622213397
31,c,-0.07271030287583669,1.4739285019603983,0.3176621571243541,0.21955027345265765
32,b,-0.07271030287583669,1.4286017257698767,0.3176621571243541,0.21235946521326826
33,a,-0.07271030287583669,1.4286017257698767,0.3325334909443485,0.2069411292584183
34,c,-0.05676980696003464,1.4286017257698767,0.3325334909443485,0.20668702984837664
35,b,-0.05676980696003464,1.3835295119831186,0.3325334909443485,0.1995767642536391
36,a,-0.05676980696003464,1.3835295119831186,0.34681341700049206,0.19458081519350062
37,c,-0.03914122747640025,1.3835295119831186,0.34681341700049206,0.19427004837888984
38,b,-0.03914122747640025,1.3392545966314777,0.34681341700049206,0.18740910992600757
39,a,-0.03914122747640025,1.3392545966314777,0.3605593031218001,0.18277984998713817
40,c,-0.020839455873516988,1.3392545966314777,0.3605593031218001,0.18244489514333403
41,b,-0.020839455873516988,1.296064415918307,0.3605593031218001,0.17591602415820703
42,a,-0.020839455873516988,1.296064415918307,0.37381054499153243,0.17161393658649826
43,c,-0.0024335313478238696,1.296064415918307,0.37381054499153243,0.1712751585288529
44,b,-0.0024335313478238696,1.2541015405994125,0.37381054499153243,0.16511206836125106
45,a,-0.0024335313478238696,1.2541015405994125,0.3865960609927621,0.16110706758551713
46,c,0.015761475626213883,1.2541015405994125,0.3865960609927621,0.16077600930673183
47,b,0.015761475626213883,1.2134266393216628,0.3865960609927621,0.15498544272789078
48,a,0.015761475626213883,1.2134266393216628,0.39893857475156275,0.15125317040367936
49,c,0.03357502938703605,1.2134266393216628,0.39893857475156275,0.15093584770608967
50,b,0.03357502938703605,1.1740543666158234,0.39893857475156275,0.14551023220300904
51,a,0.03357502938703605,1.1740543666158234,0.41085706520828424,0.14202999704121866
52,c,0.050918721847269977,1.1740543666158234,0.41085706520828424,0.1417291933730633
53,b,0.050918721847269977,1.135973808672725,0.41085706520828424,0.1366537422466615
54,a,0.050918721847269977,1.135973808672725,0.42236817124408294,0.13340735597356013
55,c,0.06775068763662251,1.135973808672725,0.42236817124408294,0.13312404090122615
56,b,0.06775068763662251,1.0991601220995197,0.42236817124408294,0.12838067458434058
57,a,0.06775068763662251,1.0991601220995197,0.4334869997704549,0.12535178006326841
58,c,0.08405531765412833,1.0991601220995197,0.4334869997704549,0.12508593910326063
59,b,0.08405531765412833,1.063581150167061,0.4334869997704549,0.12065541775006342
60,a,0.08405531765412833,1.063581150167061,0.44422759333497974,0.11782908917216477
61,c,0.09983169807697978,1.063581150167061,0.44422759333497974,0.11758019499291814
62,b,0.09983169807697978,1.029201175105632,0.44422759333497974,0.11344325559463256
63,a,0.09983169807697978,1.029201175105632,0.45460320329713805,0.11080575018350486
64,c,0.1150870258015686,1.029201175105632,0.45460320329713805,0.1105730251595203
65,b,0.1150870258015686,0.995983037606687,0.45460320329713805,0.1067109688533745
66,a,0.1150870258015686,0.995983037606687,0.4646264518871154,0.10424956380211081
67,c,0.1298328619850655,0.995983037606687,0.4646264518871154,0.1040321241173602
68,b,0.1298328619850655,0.9638893257252467,0.4646264518871154,0.100427101919209
69,a,0.1298328619850655,0.9638893257252467,0.47430943067449194,0.09812998000338805
70,c,0.14408300405140828,0.9638893257252467,0.47430943067449194,0.09792691345447704
71,b,0.14408300405140828,0.9328830336721315,0.47430943067449194,0.09456204794038625
72,a,0.14408300405140828,0.9328830336721315,0.48366376256207705,0.0924182115763404
73,c,0.15785228052453304,0.9328830336721315,0.48366376256207705,0.09222861860174703
74,b,0.15785228052453304,0.9029279189012878,0.48366376256207705,0.08908803744847663
75,a,0.15785228052453304,0.9029279189012878,0.4927006427776549,0.08708723994972435
76,c,0.17115587192627602,0.9029279189012878,0.4927006427776549,0.08691025440553973
77,b,0.17115587192627602,0.8739886877461976,0.4927006427776549,0.08397907755607265
78,a,0.17115587192627602,0.8739886877461976,0.5014308676956023,0.08211176529168293
79,c,0.18400893144609554,0.8739886877461976,0.5014308676956023,0.08194656415266297
80,b,0.18400893144609554,0.8460310838772672,0.5014308676956023,0.07921086750334093
81,a,0.18400893144609554,0.8460310838772672,0.5098648565323779,0.0774681293947189
82,c,0.19642637632077653,0.8460310838772672,0.5098648565323779,0.07731393645750309
83,b,0.19642637632077653,0.819021921922124,0.5098648565323779,0.07476070455418617
84,a,0.19642637632077653,0.819021921922124,0.5180126687991088,0.07313422685820578
85,c,0.2084227763199331,0.819021921922124,0.5180126687991088,0.07299031324526599
86,b,0.2084227763199331,0.792929090379463,0.5180126687991088,0.07060738774256806
87,a,0.2084227763199331,0.792929090379463,0.5258840191618395,0.0690894129075131
88,c,0.22001229736436745,0.792929090379463,0.5258840191618395,0.06895509590947368
89,b,0.22001229736436745,0.7677215375705408,0.5258840191618395,0.0667311233943226
90,a,0.22001229736436745,0.7677215375705408,0.5334882906567284,0.06531441224260713
91,c,0.23120867634563913,0.7677215375705408,0.5334882906567284,0.0651890533403149
92,b,0.23120867634563913,0.7433692484488531,0.5334882906567284,0.06311343439118286
93,a,0.23120867634563913,0.7433692484488531,0.5408345468061464,0.06179123114556774
94,c,0.24202521350520767,0.7433692484488531,0.5408345468061464,0.06167423366944341
95,b,0.24202521350520767,0.7198432167105346,0.5408345468061464,0.05973707407671014
96,a,0.24202521350520767,0.7198432167105346,0.547931542952529,0.05850307389631675
97,c,0.2524747746003466,0.7198432167105346,0.547931542952529,0.05839388056923577
98,b,0.2524747746003466,0.6971154147219197,0.547931542952529,0.056585945127917855
99,a,0.2524747746003466,0.6971154147219197,0.55478773699598,0.055434263907262325
100,c,0.2625697984311901,0.6971154147219197,0.55478773699598,0.055332354401117036
101,b,0.2625697984311901,0.6751587626826842,0.55478773699598,0.05364502341041475
102,a,0.2625697984311901,0.6751587626826842,0.5614112996468031,0.05257016964677495
103,c,0.2723223072121628,0.6751587626826842,0.5614112996468031,0.05247505821925193
104,b,0.2723223072121628,0.6539470978172935,0.5614112996468031,0.050900286676986366
105,a,0.2723223072121628,0.6539470978172935,0.5678101242612974,0.04989713524403322
106,c,0.2817439183595185,0.6539470978172935,0.5678101242612974,0.04980836848742122
107,b,0.2817439183595185,0.6334551440311557,0.5678101242612974,0.04833864789251498
108,a,0.2817439183595185,0.6334551440311557,0.5739918363045422,0.047402415579767945
109,c,0.29084585688736864,0.6334551440311557,0.5739918363045422,0.04731957029480313
110,b,0.29084585688736864,0.6136584822651621,0.5739918363045422,0.04594789293503318
111,a,0.29084585688736864,0.6136584822651621,0.5799638024697041,0.04507411562802612
112,c,0.2996389679582925,0.6136584822651621,0.5799638024697041,0.044996796825720525
113,b,0.2996389679582925,0.5945335216672069,0.5799638024697041,0.04371662241316383
114,a,0.2996389679582925,0.5945335216672069,0.5857331394751475,0.04290113380084557
115,c,0.30813372933617345,0.5945335216672069,0.5857331394751475,0.04282897282997846
116,b,0.30813372933617345,0.5760574716341179,0.5857331394751475,0.041634197343090276
117,a,0.30813372933617345,0.5760574716341179,0.5913067225557687,0.04087310904835383
118,c,0.316340263603633,0.5760574716341179,0.5913067225557687,0.040805761843670824
119,b,0.316340263603633,0.5582083147407523,0.5913067225557687,0.03969068843735685
120,a,0.316340263603633,0.5582083147407523,0.5966911936620618,0.03898037147454135
121,c,0.3242683500716552,0.5582083147407523,0.5966911936620618,0.03891751691949694
122,b,0.3242683500716552,0.5409647805525601,0.5966911936620618,0.037876828769949286
123,a,0.3242683500716552,0.5409647805525601,0.601892969378619,0.03721389624011788
124,c,0.3319274363459934,0.5409647805525601,0.601892969378619,0.037155234637560125
125,b,0.3319274363459934,0.5243063203066965,0.601892969378619,0.03618396959538954
126,a,0.3319274363459934,0.5243063203066965,0.6069182485726021,0.03556526053644132
127,c,0.33932664953584757,0.5243063203066965,0.6069182485726021,0.03551051218061238
128,b,0.33932664953584757,0.5082130824408028,0.6069182485726021,0.03460403911308354
129,a,0.33932664953584757,0.5082130824408028,0.6117730197819309,0.03402660342745777
130,c,0.3464748071020378,0.5082130824408028,0.6117730197819309,0.03397550727086669
131,b,0.3464748071020378,0.49266588894559,0.6117730197819309,0.03312950398134524
132,a,0.3464748071020378,0.49266588894559,0.6164630683523493,0.03259058836931955
133,c,0.35338042734839226,0.49266588894559,0.6164630683523493,0.032542900778332745
134,b,0.35338042734839226,0.47764621251607664,0.6164630683523493,0.03175333339816729
135,a,0.35338042734839226,0.47764621251607664,0.6209939833320791,0.031250368229605426
136,c,0.3600517395636085,0.47764621251607664,0.6209939833320791,0.031205861822932543
137,b,0.3600517395636085,0.4631361544759644,0.6209939833320791,0.030468965577786698
138,a,0.3600517395636085,0.4631361544759644,0.6253711641323955,0.029999552639699518
139,c,0.36649669382266925,0.4631361544759644,0.6253711641323955,0.02995801520429816
140,b,0.36649669382266925,0.4491184234498391,0.6253711641323955,0.02927027646337535
141,a,0.36649669382266925,0.4491184234498391,0.6295998269621268,0.02883217752485031
142,c,0.3727229704577977,0.4491184234498391,0.6295998269621268,0.028793411004113135
143,b,0.3727229704577977,0.435576314758332,0.6295998269621268,0.02815155052676909
144,a,0.3727229704577977,0.435576314758332,0.6336850110437845,0.027742676666733905
145,c,0.3787379892092564,0.435576314758332,0.6336850110437845,0.027706496216153502
146,b,0.3787379892092564,0.4224936905120157,0.6336850110437845,0.027107453516057423
147,a,0.3787379892092564,0.4224936905120157,0.6376315846187536,0.026725855162982703
148,c,0.38454891806633906,0.4224936905120157,0.6376315846187536,0.0266920882688006
149,b,0.38454891806633906,0.4098549603804886,0.6376315846187536,0.026133007021119124
150,a,0.38454891806633906,0.4098549603804886,0.6414442507487108,0.025776864657165277
151,c,0.39016268180877933,0.4098549603804886,0.6414442507487108,0.025745350313809343
152,b,0.39016268180877933,0.3976450630138381,0.6414442507487108,0.025223564735844858
153,a,0.39016268180877933,0.3976450630138381,0.6451275529201931,0.024891180221126945
154,c,0.3955859702585669,0.3976450630138381,0.6451275529201931,0.024861768163517366
155,b,0.3955859702585669,0.3858494480944036,0.6451275529201931,0.02437479030387074
156,a,0.3955859702585669,0.3858494480944036,0.6486858804589953,0.024064578779472434
157,c,0.40082524625191107,0.3858494480944036,0.6486858804589953,0.024037128766538053
158,b,0.40082524625191107,0.3744540589974787,0.6486858804589953,0.02358263664219203
159,a,0.40082524625191107,0.3744540589974787,0.6521234737608572,0.023293118973321276
160,c,0.40588675334078195,0.3744540589974787,0.6521234737608572,0.023267500119310634
161,b,0.40588675334078195,0.36344531604031766,0.6521234737608572,0.022843326644071692
162,a,0.40588675334078195,0.36344531604031766,0.6554444293446696,0.022573122367325157
163,c,0.4107765232331797,0.36344531604031766,0.6554444293446696,0.022549212517724584
164,b,0.4107765232331797,0.3528101002994869,0.6554444293446696,0.02215333516923556
165,a,0.4107765232331797,0.3528101002994869,0.6586527047342241,0.02190115591034258
166,c,0.4155003829809849,0.3528101002994869,0.6586527047342241,0.02187884105942562
167,b,0.4155003829809849,0.3425357379772875,0.6586527047342241,0.0215093722354783
168,a,0.4155003829809849,0.3425357379772875,0.6617521231743251,0.021274015566140753
169,c,0.42006396192393103,0.3425357379772875,0.6617521231743251,0.02125318931337225
170,b,0.42006396192393103,0.33260998529862235,0.6617521231743251,0.020908367331539154
171,a,0.42006396192393103,0.33260998529862235,0.6647463781868833,0.020688711036073486
172,c,0.4244726983979752,0.33260998529862235,0.6647463781868833,0.02066927407877592
173,b,0.4244726983979752,0.32302101392031063,0.6647463781868833,0.020347454776446578
174,a,0.4244726983979752,0.32302101392031063,0.6676390379724201,0.020142451500892534
175,c,0.42873184621606386,0.32302101392031063,0.6676390379724201,0.020124311160756164
176,b,0.42873184621606386,0.3137573968354638,0.6676390379724201,0.019823960055524767
177,a,0.42873184621606386,0.3137573968354638,0.6704335496622287,0.019632632313705187
178,c,0.4328464809290038,0.3137573968354638,0.6704335496622287,0.019615702094884238
179,b,0.4328464809290038,0.30480809475612475,0.6704335496622287,0.01933538706790878
180,a,0.4328464809290038,0.30480809475612475,0.6731332434262597,0.01915682258062985
181,c,0.4368215058739038,0.30480809475612475,0.6731332434262597,0.01914102175731727
182,b,0.4368215058739038,0.2961624429579451,0.6731332434262597,0.018879406224763487
183,a,0.4368215058739038,0.2961624429579451,0.6757413364416257,0.018712753569931833
184,c,0.44066165801739254,0.2961624429579451,0.6757413364416257,0.018698006801446673
185,b,0.44066165801739254,0.2878101385712227,0.6757413364416257,0.018453843341457055
186,a,0.44066165801739254,0.2878101385712227,0.678260936726454,0.018298307894372052
187,c,0.44437151360057703,0.2878101385712227,0.678260936726454,0.018284544865924006
188,b,0.44437151360057703,0.2797412283031565,0.678260936726454,0.018056669270724662
189,a,0.44437151360057703,0.2797412283031565,0.680695046843656,0.01791150941518939
190,c,0.44795549359246944,0.2797412283031565,0.680695046843656,0.017898664502607124
191,b,0.44795549359246944,0.27194609657668345,0.680695046843656,0.017685990227391386
192,a,0.44795549359246944,0.27194609657668345,0.6830465674790288,0.017550513819576063
193,c,0.4514178689583743,0.27194609657668345,0.6830465674790288,0.01753852577640166
194,b,0.4514178689583743,0.2644154540717655,0.6830465674790288,0.01734003875852251
195,a,0.4514178689583743,0.2644154540717655,0.6853183008979512,0.017213599826719633
196,c,0.45476276574952257,0.2644154540717655,0.6853183008979512,0.0172024114921762
197,b,0.45476276574952257,0.25714032665547293,0.6853183008979512,0.01701716531594468
198,a,0.45476276574952257,0.25714032665547293,0.6875129542847925,0.016899160980479545
199,c,0.4579941700200165,0.25714032665547293,0.6875129542847925,0.016888719006920176
200,b,0.4579941700200165,0.25011204468766934,0.6875129542847925,0.01671583039095392
201,a,0.4579941700200165,0.25011204468766934,0.689633142969017,0.016605697989564377
202,c,0.4611159325769365,0.25011204468766934,0.689633142969017,0.016595952588102553
203,b,0.4611159325769365,0.2433222326895549,0.689633142969017,0.016434597173708515
204,a,0.4611159325769365,0.2433222326895549,0.6916813935418256,0.016331811578687728
205,c,0.46413177356927804,0.2433222326895549,0.6916813935418256,0.016322716281796622
206,b,0.46413177356927804,0.2367627993627579,0.6916813935418256,0.016172124702306195
207,a,0.46413177356927804,0.2367627993627579,0.6936601468670492,0.01607619581661515
208,c,0.46704528692119096,0.2367627993627579,0.6936601468670492,0.016067707256563393
209,b,0.46704528692119096,0.23042592794707722,0.6936601468670492,0.01592716146887737
210,a,0.46704528692119096,0.23042592794707722,0.695571760989883,0.015837631889289244
211,c,0.4698599446147935,0.23042592794707722,0.695571760989883,0.01582970959135705
212,b,0.4698599446147935,0.22430406690538923,0.695571760989883,0.015698539452208973
213,a,0.4698599446147935,0.22430406690538923,0.6974185139469273,0.015614982288342334
214,c,0.47257910082767074,0.22430406690538923,0.6974185139469273,0.015607588477832342
215,b,0.47257910082767074,0.21838992092461368,0.6974185139469273,0.01548516854844557
216,a,0.47257910082767074,0.21838992092461368,0.6992026064808827,0.0154071853872875
217,c,0.4752059959299899,0.21838992092461368,0.6992026064808827,0.015400284809408929
218,b,0.4752059959299899,0.21267644222202012,0.6992026064808827,0.015286031373311474
219,a,0.4752059959299899,0.21267644222202012,0.7009261646631368,0.015213250379524906
220,c,0.47774376034599086,0.21267644222202012,0.7009261646631368,0.015206810131293786
221,b,0.47774376034599086,0.20715682214650905,0.7009261646631368,0.015100178411070815
222,a,0.47774376034599086,0.20715682214650905,0.7025912424273653,0.015032252554028097
223,c,0.4801954182844579,0.20715682214650905,0.7025912424273653,0.015026241927380847
224,b,0.4801954182844579,0.20182448306486453,0.7025912424273653,0.014926723487095159
225,a,0.4801954182844579,0.20182448306486453,0.7041998240171681,0.014863328886184366
226,c,0.4825638913426151,0.20182448306486453,0.7041998240171681,0.014857719221557134
227,b,0.4825638913426151,0.19667307052330404,0.7041998240171681,0.014764839542450461
228,a,0.4825638913426151,0.19667307052330404,0.7057538263506576,0.014705673922764426
229,c,0.4848520019877425,0.19667307052330404,0.7057538263506576,0.014700438472440066
230,b,0.4848520019877425,0.1916964456749908,0.7057538263506576,0.01461375469035709
231,a,0.4848520019877425,0.1916964456749908,0.7072551013048156,0.014558535941401541
232,c,0.48706247692065885,0.1916964456749908,0.7072551013048156,0.014553649741972504
233,b,0.48706247692065885,0.18688867796447767,0.7072551013048156,0.01447274853571857
234,a,0.48706247692065885,0.18688867796447767,0.7087054379223426,0.014421213366267114
235,c,0.4891979503250843,0.18688867796447767,0.7087054379223426,0.014416653119606123
236,b,0.4891979503250843,0.18224403806036854,0.7087054379223426,0.014341148740170166
237,a,0.4891979503250843,0.18224403806036854,0.7101065645436282,0.014293051422852749
238,c,0.4912609670067485,0.18224403806036854,0.7101065645436282,0.014288795385023943
239,b,0.4912609670067485,0.17775699102777814,0.7101065645436282,0.014218327816269567
240,a,0.4912609670067485,0.17775699102777814,0.7114601508663828,0.014173439015907428
241,c,0.49325398542599297,0.17775699102777814,0.7114601508663828,0.014169466893487949
242,b,0.49325398542599297,0.17342218973244705,0.7114601508663828,0.014103700135542964
243,a,0.49325398542599297,0.17342218973244705,0.7127678099353878,0.014061805815644614
244,c,0.495179380627472,0.17342218973244705,0.7127678099353878,0.014058098668962718
245,b,0.495179380627472,0.16923446846865783,0.7127678099353878,0.013996719136121551
246,a,0.495179380627472,0.16923446846865783,0.7140311000647317,0.013957619538324535
247,c,0.49703944707045267,0.16923446846865783,0.7140311000647317,0.013954159691152232
248,b,0.49703944707045267,0.165188836803353,0.7140311000647317,0.013896874716652602
249,a,0.49703944707045267,0.165188836803353,0.7152515266948261,0.013860383408246253
250,c,0.49883640136307905,0.165188836803353,0.7152515266948261,0.013857154363516448
251,b,0.49883640136307905,0.1612804736291277,0.7152515266948261,0.013803690804060784
252,a,0.49883640136307905,0.1612804736291277,0.7164305441864112,0.013769633789046902
253,c,0.5005723849038692,0.1612804736291277,0.7164305441864112,0.013766620150193006
254,b,0.5005723849038692,0.15750472141899863,0.7164305441864112,0.013716723083559921
255,a,0.5005723849038692,0.15750472141899863,0.7175695575536927,0.013684937973014222
256,c,0.5022494664335779,0.15750472141899863,0.7175695575536927,0.013682125370556918
257,b,0.5022494664335779,0.153857080676114,0.7175695575536927,0.01363555688009488
258,a,0.5022494664335779,0.153857080676114,0.7186699241386715,0.013605892117872087
259,c,0.5038696445004791,0.153857080676114,0.7186699241386715,0.013603267140903607
260,b,0.5038696445004791,0.15033320457178231,0.7186699241386715,0.01355980518110822
261,a,0.5038696445004791,0.15033320457178231,0.7197329552286647,0.013532119321200102
262,c,0.5054348498420005,0.15033320457178231,0.7197329552286647,0.013529669453438989
263,b,0.5054348498420005,0.14692889376543355,0.7197329552286647,0.013489106791207234
264,a,0.5054348498420005,0.14692889376543355,0.7207599176189428,0.013463267823306615
265,c,0.5069469476855502,0.14692889376543355,0.7207599176189428,0.013460981383418164
266,b,0.5069469476855502,0.14364009140034004,0.7207599176189428,0.01342312460992982
267,a,0.5069469476855502,0.14364009140034004,0.7217520351223475,0.013399009329986097
268,c,0.5084077399712736,0.14364009140034004,0.7217520351223475,0.013396875415884083
269,b,0.5084077399712736,0.140462878269132,0.7217520351223475,0.01336154402440014
270,a,0.5084077399712736,0.140462878269132,0.722710490027688,0.013339037447163643
271,c,0.509818967499394,0.140462878269132,0.722710490027688,0.013337045884027503
272,b,0.509818967499394,0.13739346814334777,0.722710490027688,0.01330407140920661
273,a,0.509818967499394,0.13739346814334777,0.7236364245086526,0.013283066219962099
274,c,0.5111823120046943,0.13739346814334777,0.7236364245086526,0.013281207511721965
275,b,0.5111823120046943,0.13442820326145263,0.7236364245086526,0.013250432726352698
276,a,0.5111823120046943,0.13442820326145263,0.7245309419849183,0.013230828769226752
277,c,0.5124993981606072,0.13442820326145263,0.7245309419849183,0.013229094053284655
278,b,0.5124993981606072,0.13156354996994984,0.7245309419849183,0.013200372218602867
279,a,0.5124993981606072,0.13156354996994984,0.7253951084370746,0.013182076019005609
280,c,0.5137717955153143,0.13156354996994984,0.7253951084370746,0.013180457023977328
281,b,0.5137717955153143,0.128796094512388,0.7253951084370746,0.01315365118999377
282,a,0.5137717955153143,0.128796094512388,0.7262299536769349,0.013136575508918077
283,c,0.515001020362146,0.128796094512388,0.7262299536769349,0.013135064515193995
284,b,0.515001020362146,0.1261225389612477,0.7262299536769349,0.013110046867696363
285,a,0.515001020362146,0.1261225389612477,0.7270364725747452,0.013094110285749479
286,c,0.5161885375465203,0.1261225389612477,0.7270364725747452,0.013092700088686323
287,b,0.5161885375465203,0.12353969728786066,0.7270364725747452,0.013069351339802023
288,a,0.5161885375465203,0.12353969728786066,0.7278156262447524,0.013054477868985642
289,c,0.5173357622115757,0.12353969728786066,0.7278156262447524,0.013053161744553544
290,b,0.5173357622115757,0.12104449156567577,0.7278156262447524,0.013031370563967488
291,a,0.5173357622115757,0.12104449156567577,0.728568343190547,0.013017489285355567
292,c,0.5184440614845722,0.12104449156567577,0.728568343190547,0.01301626095807706
293,b,0.5184440614845722,0.11863394830234826,0.728568343190547,0.012995923442191672
294,a,0.5184440614845722,0.11863394830234826,0.7292955204115453,0.012982968167778606
295,c,0.5195147561060689,0.11863394830234826,0.7292955204115453,0.012981821780806101
296,b,0.5195147561060689,0.11630519489628252,0.7292955204115453,0.012962840957314191
297,a,0.5195147561060689,0.11630519489628252,0.7299980244719271,0.012950749914420322
298,c,0.5205491220038314,0.11630519489628252,0.7299980244719271,0.01294968000160987
299,b,0.5205491220038314,0.11405545621340275,0.7299980244719271,0.012931965367115526
300,a,0.5205491220038314,0.11405545621340275,0.7306766925333047,0.01292068090384592
301,c,0.5215483918133295,0.11405545621340275,0.7306766925333047,0.012919682363693761
302,b,0.5215483918133295,0.1118820512800754,0.7306766925333047,0.012903149452178969
303,a,0.5215483918133295,0.1118820512800754,0.7313323333523537,0.012892617762530669
304,c,0.5225137563466489,0.1118820512800754,0.7313323333523537,0.012891685833848492
305,b,0.5225137563466489,0.10978239008824099,0.7313323333523537,0.01287625581392678
306,a,0.5225137563466489,0.10978239008824099,0.7319657282445944,0.012866426681233657
307,c,0.5234463660115583,0.10978239008824099,0.7319657282445944,0.012865556920446575
308,b,0.5234463660115583,0.10775397050894675,0.7319657282445944,0.012851156219482702
309,a,0.5234463660115583,0.10775397050894675,0.7325776320154703,0.01284198277697483
310,c,0.5243473321824337,0.10775397050894675,0.7325776320154703,0.012841171036933741
311,b,0.5243473321824337,0.10579437531060469,0.7325776320154703,0.012827730990238977
312,a,0.5243473321824337,0.10579437531060469,0.7331687738598384,0.012819169497575007
313,c,0.5252177285246589,0.10579437531060469,0.7331687738598384,0.012818411907782436
314,b,0.5252177285246589,0.10390126927841895,0.7331687738598384,0.012805868431210572
315,a,0.5252177285246589,0.10390126927841895,0.7337398582309357,0.012797878065917217
316,c,0.5260585922740968,0.10390126927841895,0.7337398582309357,0.012797171014072111
317,b,0.5260585922740968,0.10207239643155244,0.7337398582309357,0.01278546429845709
318,a,0.5260585922740968,0.10207239643155244,0.7342915656798648,0.012778006961281618
319,c,0.5268709254731445,0.10207239643155244,0.7342915656798648,0.012777347076055316
320,b,0.5268709254731445,0.10030557733471442,0.7342915656798648,0.012766421302031993
321,a,0.5268709254731445,0.10030557733471442,0.7348245536665944,0.012759461435279047
322,c,0.5276556961648478,0.10030557733471442,0.7348245536665944,0.012758845570240476
323,b,0.5276556961648478,0.0985987065009655,0.7348245536665944,0.012748648642089638
324,a,0.5276556961648478,0.0985987065009655,0.7353394573434425,0.012742153060077022
325,c,0.528413839546503,0.0985987065009655,0.7353394573434425,0.012741578278689877
326,b,0.528413839546503,0.09694974988264628,0.7353394573434425,0.012732061575938076
327,a,0.528413839546503,0.09694974988264628,0.7358368903119764,0.012725999306762577
328,c,0.5291462590841132,0.09694974988264628,0.7358368903119764,0.012725462868383504
329,b,0.5291462590841132,0.09535674244744083,0.7358368903119764,0.01271658101397332
330,a,0.5291462590841132,0.09535674244744083,0.73631744535423,0.012710923151831748
331,c,0.5298538275890334,0.09535674244744083,0.73631744535423,0.012710422498642578
332,b,0.5298538275890334,0.09381778583667989,0.73631744535423,0.01270213314256829
333,a,0.5298538275890334,0.09381778583667989,0.7367816951391128,0.012696852709930545
334,c,0.5305373882580855,0.09381778583667989,0.7367816951391128,0.012696385454742295
335,b,0.5305373882580855,0.09233104610310175,0.7367816951391128,0.01268864907211837
336,a,0.5305373882580855,0.09233104610310175,0.7372301929048484,0.012683720891094579
337,c,0.5311977556783778,0.09233104610310175,0.7372301929048484,0.01268328480596477
338,b,0.5311977556783778,0.09089475152537092,0.7372301929048484,0.012676064508565722
339,a,0.5311977556783778,0.09089475152537092,0.7376634731182588,0.01267146508085405
340,c,0.5318357167980379,0.09089475152537092,0.7376634731182588,0.01267105808646384
341,b,0.5318357167980379,0.08950719049674712,0.7376634731182588,0.012664319446835295
342,a,0.5318357167980379,0.08950719049674712,0.7380820521116793,0.01266002684167885
343,c,0.5324520318640014,0.08950719049674712,0.7380820521116793,0.012659646997418315
344,b,0.5324520318640014,0.08816670948539544,0.7380820521116793,0.012653357884722062
345,a,0.5324520318640014,0.08816670948539544,0.7384864286982628,0.012649351634339528
346,c,0.5330474353279873,0.08816670948539544,0.7384864286982628,0.012648997129054589
347,b,0.5330474353279873,0.08687171106390121,0.7384864286982628,0.01264312755586374
348,a,0.5330474353279873,0.08687171106390121,0.7388770847664055,0.012639388557856075
349,c,0.5336226367217294,0.08687171106390121,0.7388770847664055,0.012639057701212712
350,b,0.5336226367217294,0.08562065200564462,0.7388770847664055,0.012633579680527371
351,a,0.5336226367217294,0.08562065200564462,0.7392544858540059,0.012630090106794804
352,c,0.5341783215025124,0.08562065200564462,0.7392544858540059,0.012629781321219198
353,b,0.5341783215025124,0.08441204144576529,0.7392544858540059,0.012624668733020082
354,a,0.5341783215025124,0.08441204144576529,0.7396190817032375,0.01262141194475481
355,c,0.5347151518700204,0.08441204144576529,0.7396190817032375,0.012621123757911345
356,b,0.5347151518700204,0.08324443910452343,0.7396190817032375,0.012616352224615908
357,a,0.5347151518700204,0.08324443910452343,0.7399713067964987,0.012613312692965974
358,c,0.5352337675554697,0.08324443910452343,0.7399713067964987,0.012613043730736793
359,b,0.5352337675554697,0.08211645357094481,0.7399713067964987,0.012608590500962927
360,a,0.5352337675554697,0.08211645357094481,0.7403115808741777,0.012605753732988409
361,c,0.5357347865839608,0.08211645357094481,0.7403115808741777,0.012605502712921485
362,b,0.5357347865839608,0.08102674064470275,0.7403115808741777,0.012601346553005823
363,a,0.5357347865839608,0.08102674064470275,0.7406403094348495,0.01259869902257408
364,c,0.5362188060109725,0.08102674064470275,0.7406403094348495,0.012598464747768344
365,b,0.5362188060109725,0.07997400173425591,0.7406403094348495,0.01259458584052083
366,a,0.5362188060109725,0.07997400173425591,0.7409578842185017,0.01259211492381214
367,c,0.53668640263386,0.07997400173425591,0.7409578842185017,0.012591896277210404
368,b,0.53668640263386,0.07895698230934123,0.7409578842185017,0.012588276127423128
369,a,0.53668640263386,0.07895698230934123,0.741264683673364,0.012585970042738296
370,c,0.5371381336792145,0.07895698230934123,0.741264683673364,0.012585765981800945
371,b,0.5371381336792145,0.07797447040597204,0.741264683673364,0.012582387328060019
372,a,0.5371381336792145,0.07797447040597204,0.7415610734068981,0.012580235079643464
373,c,0.5375745374668983,0.07797447040597204,0.7415610734068981,0.012580044631377582
374,b,0.5375745374668983,0.07702529518216268,0.7415610734068981,0.012576891363758336
375,a,0.5375745374668983,0.07702529518216268,0.7418474066214854,0.012574882689368821
376,c,0.5379961340515571,0.07702529518216268,0.7418474066214854,0.01257470494568864
377,b,0.5379961340515571,0.07610832552265581,0.7418474066214854,0.012571762028941048
378,a,0.5379961340515571,0.07610832552265581,0.7421240245353325,0.012569887350919663
379,c,0.5384034258423522,0.07610832552265581,0.7421240245353325,0.012569721464316813
380,b,0.5384034258423522,0.07522246869099394,0.7421240245353325,0.012566974866175105
381,a,0.5384034258423522,0.07522246869099394,0.7423912567890948,0.012565225245777583
382,c,0.5387968982016771,0.07522246869099394,0.7423912567890948,0.012565070425280031
383,b,0.5387968982016771,0.07436666902732345,0.7423912567890948,0.012562507049554856
384,a,0.5387968982016771,0.07436666902732345,0.7426494218387029,0.012560874144330277
385,c,0.5391770200235548,0.07436666902732345,0.7426494218387029,0.012560729651730808
386,b,0.5391770200235548,0.07353990669038346,0.7426494218387029,0.012558337275864579
387,a,0.5391770200235548,0.07353990669038346,0.7428988273348615,0.012556813299877484
388,c,0.5395442442924097,0.07353990669038346,0.7428988273348615,0.012556678446213845
389,b,0.5395442442924097,0.07274119644218072,0.7428988273348615,0.012554445663001781
390,a,0.5395442442924097,0.07274119644218072,0.743139770489671,0.012553023349707457
391,c,0.5398990086228808,0.07274119644218072,0.743139770489671,0.012552897491977272
392,b,0.5398990086228808,0.07196958647389705,0.743139770489671,0.0125508136551762
393,a,0.5398990086228808,0.07196958647389705,0.74337253843081,0.012549486222772905
394,c,0.5402417357813194,0.07196958647389705,0.74337253843081,0.01254936876086776
395,b,0.5402417357813194,0.07122415727163732,0.74337253843081,0.012547423934433224
396,a,0.5402417357813194,0.07122415727163732,0.7435974085436999,0.012546185053525293
397,c,0.5405728341895939,0.07122415727163732,0.7435974085436999,0.012546075427369333
398,b,0.5405728341895939,0.07050402052065989,0.7435974085436999,0.012544260338079
399,a,0.5405728341895939,0.07050402052065989,0.7438146488020606,0.012543104101497607
400,c,0.5408926984117981,0.07050402052065989,0.7438146488020606,0.012543001788376959
401,b,0.5408926984117981,0.06980831804678798,0.7438146488020606,0.012541307781614382
402,a,0.5408926984117981,0.06980831804678798,0.7440245180872496,0.012540228676251172
403,c,0.5412017096244441,0.06980831804678798,0.7440245180872496,0.012540133188321619
404,b,0.5412017096244441,0.0691362207937394,0.7440245180872496,0.012538552186810204
405,a,0.5412017096244441,0.0691362207937394,0.744227266496767,0.01253754506732991
406,c,0.5415002360707066,0.0691362207937394,0.744227266496767,0.012537455949290817
407,b,0.5415002360707066,0.06848692783515352,0.744227266496767,0.012535980414579562
408,a,0.5415002360707066,0.06848692783515352,0.7444231356422917,0.012535040478886454
409,c,0.5417886334992486,0.06848692783515352,0.7444231356422917,0.012534957305809639
410,b,0.5417886334992486,0.06785966542014345,0.7444231356422917,0.012533580202329182
411,a,0.5417886334992486,0.06785966542014345,0.7446123589376057,0.012532702968669701
412,c,0.5420672455881652,0.06785966542014345,0.7446123589376057,0.012532625343973598
413,b,0.5420672455881652,0.06725368605122865,0.7446123589376057,0.012531340105489184
414,a,0.5420672455881652,0.06725368605122865,0.7447951618767495,0.012530521391082478
415,c,0.5423364043545336,0.06725368605122865,0.7447951618767495,0.012530448944640966
416,b,0.5423364043545336,0.06666826759355818,0.7447951618767495,0.012529249442943915
417,a,0.5423364043545336,0.06666826759355818,0.7449717623027392,0.012528485344037624
418,c,0.5425964305500757,0.06666826759355818,0.7449717623027392,0.012528417730415242
419,b,0.5425964305500757,0.06610271241435228,0.7449717623027392,0.012527298246102731
420,a,0.5425964305500757,0.06610271241435228,0.7451423706671658,0.012526585119359439
421,c,0.5428476340433912,0.06610271241435228,0.7451423706671658,0.012526522016164374
422,b,0.5428476340433912,0.06555634655154867,0.7451423706671658,0.012525477211368255
423,a,0.5428476340433912,0.06555634655154867,0.7453071902809874,0.012524811656493287
424,c,0.5430903141892216,0.06555634655154867,0.7453071902809874,0.012524752762840105
425,b,0.5430903141892216,0.06502851891065171,0.7453071902809874,0.01252377765577535
426,a,0.5430903141892216,0.06502851891065171,0.7454664175568106,0.012523156499303871
427,c,0.5433247601851852,0.06502851891065171,0.7454664175568106,0.012523101534378847
428,b,0.5433247601851852,0.06451860048883619,0.7454664175568106,0.012522191475589719
429,a,0.5433247601851852,0.06451860048883619,0.7456202422429521,0.012521611755755125
430,c,0.5435512514164134,0.06451860048883619,0.7456202422429521,0.012521560457477312
431,b,0.5435512514164134,0.0640259836253748,0.7456202422429521,0.012520711107667662
432,a,0.5435512514164134,0.0640259836253748,0.7457688476495584,0.012520170060279275
433,c,0.5437700577884832,0.0640259836253748,0.7457688476495584,0.012520122184050818
434,b,0.5437700577884832,0.06355008127749986,0.7457688476495584,0.01251932949339435
435,a,0.5437700577884832,0.06355008127749986,0.7459124108670535,0.012518824538657599
436,c,0.543981440049063,0.06355008127749986,0.7459124108670535,0.012518779856197489
437,b,0.543981440049063,0.06309032632083524,0.7459124108670535,0.012518040045026905
438,a,0.543981440049063,0.06309032632083524,0.7460511029771739,0.012517568775242408
439,c,0.5441856500986386,0.06309032632083524,0.7460511029771739,0.012517527073498048
440,b,0.5441856500986386,0.0626461708735648,0.7460511029771739,0.012516836614283332
441,a,0.5441856500986386,0.0626461708735648,0.7461850892568441,0.01251639678236641
442,c,0.5443829312906985,0.0626461708735648,0.7461850892568441,0.01251635786249767
443,b,0.5443829312906985,0.06221708564353001,0.7461850892568441,0.01251571346302643
444,a,0.5443829312906985,0.06221708564353001,0.746314529375134,0.01251530297179299
445,c,0.544573518721736,0.06221708564353001,0.746314529375134,0.012515266648224109
446,b,0.544573518721736,0.06180255929748287,0.746314529375134,0.012514665235903636
447,a,0.544573518721736,0.06180255929748287,0.7464395775835339,0.01251428212807027
448,c,0.5447576395114071,0.06180255929748287,0.7464395775835339,0.012514248227605069
449,b,0.5447576395114071,0.061402097851738446,0.7464395775835339,0.0125136869348117
450,a,0.5447576395114071,0.061402097851738446,0.7465603828997726,0.012513329383663126
451,c,0.5449355130731885,0.061402097851738446,0.7465603828997726,0.012513297744659133
452,b,0.5449355130731885,0.06101522408350389,0.7465603828997726,0.012512773895065206
453,a,0.5449355130731885,0.06101522408350389,0.7466770892854002,0.012512440195744259
454,c,0.5451073513758433,0.06101522408350389,0.7466770892854002,0.012512410667342024
455,b,0.5451073513758433,0.06064147696218087,0.7466770892854002,0.012511921763154547
456,a,0.5451073513758433,0.06064147696218087,0.7467898358173437,0.01251161032453315
457,c,0.5452733591960257,0.06064147696218087,0.7467898358173437,0.0125115827659368
458,b,0.5452733591960257,0.060280411099962246,0.7467898358173437,0.012511126475987792
459,a,0.5452733591960257,0.060280411099962246,0.7468987568536428,0.012510835813080172
460,c,0.5454337343623066,0.060280411099962246,0.7468987568536428,0.012510810092886224
461,b,0.5454337343623066,0.05993159622107288,0.7468987568536428,0.012510384241517146
462,a,0.5454337343623066,0.05993159622107288,0.7470039821935622,0.012510112968399231
463,c,0.545588667990923,0.05993159622107288,0.7470039821935622,0.012510088963969955
464,b,0.545588667990923,0.05959461664901587,0.7470039821935622,0.012509691520657971
465,a,0.545588667990923,0.05959461664901587,0.7471056372322705,0.012509438343859045
466,c,0.5457383447135293,0.05959461664901587,0.7471056372322705,0.012509415940737732
467,b,0.5457383447135293,0.0592690708112202,0.7471056372322705,0.012509045010413982
468,a,0.5457383447135293,0.0592690708112202,0.7472038431102721,0.012508808722749386
469,c,0.5458829428972174,0.0592690708112202,0.7472038431102721,0.012508787814114661
470,b,0.5458829428972174,0.058954570760492785,0.7472038431102721,0.012508441628127984
471,a,0.5458829428972174,0.058954570760492785,0.7472987168577675,0.012508221102942876
472,c,0.5460226348570747,0.058954570760492785,0.7472987168577675,0.012508201589099228
473,b,0.5460226348570747,0.058650741712708614,0.7472987168577675,0.012507878496783285
474,a,0.5460226348570747,0.058650741712708614,0.7473903715341169,0.012507672682580705
475,c,0.5461575870615278,0.058650741712708614,0.7473903715341169,0.012507654470483218
476,b,0.5461575870615278,0.05835722160018746,0.7473903715341169,0.012507352931285628
477,a,0.5461575870615278,0.05835722160018746,0.74747891636257,0.012507160846712821
478,c,0.5462879603307238,0.05835722160018746,0.74747891636257,0.01250714384952349
479,b,0.5462879603307238,0.058073660640223936,0.74747891636257,0.012506862425660403
480,a,0.5462879603307238,0.058073660640223936,0.7475644568604266,0.01250668315482945
481,c,0.5464139100281709,0.058073660640223936,0.7475644568604266,0.012506667291503177
482,b,0.5464139100281709,0.057799720918258454,0.7475644568604266,0.012506404641103717
483,a,0.5464139100281709,0.057799720918258454,0.7476470949647785,0.01250623732922458
484,c,0.5465355862458874,0.057799720918258454,0.7476470949647785,0.01250622252412262
485,b,0.5465355862458874,0.05753507598518911,0.7476470949647785,0.012505977394830546
486,a,0.5465355862458874,0.05753507598518911,0.7477269291539874,0.012505821244135275
487,c,0.5466531339832605,0.05753507598518911,0.7477269291539874,0.012505807426664711
488,b,0.5466531339832605,0.057279410468349265,0.7477269291539874,0.012505578649666936
489,a,0.5466531339832605,0.057279410468349265,0.7478040545650386,0.012505432915605685
490,c,0.546766693319841,0.057279410468349265,0.7478040545650386,0.012505420019882738
491,b,0.546766693319841,0.05703241969568294,0.7478040545650386,0.0125052065043365
492,a,0.546766693319841,0.05703241969568294,0.7478785631069148,0.01250507049202761
493,c,0.5468763995822736,0.05703241969568294,0.7478785631069148,0.012505058456563616
494,b,0.5468763995822736,0.05679380933267326,0.7478785631069148,0.012504859184394925
495,a,0.5468763995822736,0.05679380933267326,0.7479505435701217,0.01250473224531139
496,c,0.546982383505564,0.05679380933267326,0.7479505435701217,0.012504721012719405
497,b,0.546982383505564,0.056563295031588315,0.7479505435701217,0.012504535033768933
498,a,0.546982383505564,0.056563295031588315,0.7480200817324992,0.012504416562646264
499,c,0.5470847713888705,0.056563295031588315,0.7480200817324992,0.012504406079367628
500,b,0.5470847713888705,0.05634060209262896,0.7480200817324992,0.012504232506859888
501,a,0.5470847713888705,0.05634060209262896,0.7480872604614405,0.012504121938810099
502,c,0.547183685246015,0.05634060209262896,0.7480872604614405,0.012504112154858976
503,b,0.547183685246015,0.05612546513657511,0.7480872604614405,0.012503950161174454
504,a,0.547183685246015,0.05612546513657511,0.7481521598126436,0.0125038469689927
505,c,0.5472792429508844,0.05612546513657511,0.7481521598126436,0.012503837837717729
506,b,0.5472792429508844,0.05591762778853747,0.7481521598126436,0.01250368665044639
507,a,0.5472792429508844,0.05591762778853747,0.7482148571255129,0.01250359034209689
508,c,0.5473715583778982,0.05591762778853747,0.7482148571255129,0.012503581819958847
509,b,0.5473715583778982,0.05571684237243905,0.7482148571255129,0.012503440718217247
510,a,0.5473715583778982,0.05571684237243905,0.7482754271153227,0.012503350834487446
511,c,0.5474607415377117,0.05571684237243905,0.7482754271153227,0.012503342880851451
512,b,0.5474607415377117,0.05552286961586539,0.7482754271153227,0.01250321119184541
513,a,0.5474607415377117,0.05552286961586539,0.7483339419622538,0.012503127304156281
514,c,0.5475468987083136,0.05552286961586539,0.7483339419622538,0.012503119881098245
515,b,0.5475468987083136,0.055335478364927325,0.7483339419622538,0.012502996976914987
516,a,0.5475468987083136,0.055335478364927325,0.7483904713974104,0.01250291868527754
517,c,0.5476301325616726,0.055335478364927325,0.7483904713974104,0.012502911757403194
518,b,0.5476301325616726,0.05515444530879903,0.7483904713974104,0.01250279705201726
519,a,0.5476301325616726,0.05515444530879903,0.7484450827859165,0.012502723983125286
520,c,0.5477105422860937,0.05515444530879903,0.7484450827859165,0.012502717517401504
521,b,0.5477105422860937,0.05497955471360326,0.7484450827859165,0.01250261046388045
522,a,0.5477105422860937,0.05497955471360326,0.7484978412071938,0.01250254226933055
523,c,0.5477882237044169,0.05497955471360326,0.7484978412071938,0.01250253623492781
524,b,0.5477882237044169,0.05481059816532304,0.7484978412071938,0.012502436322824608
525,a,0.5477882237044169,0.05481059816532304,0.7485488095325157,0.012502372677455076
526,c,0.5478632693882104,0.05481059816532304,0.7485488095325157,0.01250236704560042
527,b,0.5478632693882104,0.05464737432144113,0.7485488095325157,0.012502273798519141
528,a,0.5478632693882104,0.05464737432144113,0.7485980484999304,0.012502214398859261
529,c,0.5479357687680819,0.05464737432144113,0.7485980484999304,0.01250220914269919
530,b,0.5479357687680819,0.05448968867100084,0.7485980484999304,0.012502122116024006
531,a,0.5479357687680819,0.05448968867100084,0.7486456167866411,0.01250206667884743
532,c,0.548005808240255,0.05448968867100084,0.7486456167866411,0.012502061773319766
533,b,0.548005808240255,0.05433735330281359,0.7486456167866411,0.01250198055209434
534,a,0.548005808240255,0.05433735330281359,0.74869157107893,0.012501928813068332
535,c,0.5480734712695243,0.05433735330281359,0.74869157107893,0.012501924234782802
536,b,0.5480734712695243,0.0541901866815268,0.74869157107893,0.012501848431732368
537,a,0.5480734712695243,0.0541901866815268,0.7487359661397112,0.012501800144157528
538,c,0.5481388384887209,0.0541901866815268,0.7487359661397112,0.012501795871284183
539,b,0.5481388384887209,0.054048013431291,0.7487359661397112,0.012501725124968393
540,a,0.5481388384887209,0.054048013431291,0.74877885487379,0.012501680058602376
541,c,0.5482019877947986,0.054048013431291,0.74877885487379,0.012501676070767518
542,b,0.5482019877947986,0.05391066412676894,0.74877885487379,0.01250161004385744
543,a,0.5482019877947986,0.05391066412676894,0.7488202883909095,0.012501567983817088
544,c,0.5482629944416635,0.05391066412676894,0.7488202883909095,0.012501564262006127
545,b,0.5482629944416635,0.0537779750912341,0.7488202883909095,0.012501502639675591
546,a,0.5482629944416635,0.0537779750912341,0.748860316066656,0.012501463385412357
547,c,0.5483219311298528,0.0537779750912341,0.748860316066656,0.012501459911879143
548,b,0.5483219311298528,0.05364978820151884,0.748860316066656,0.012501402400303688
549,a,0.5483219311298528,0.05364978820151884,0.7488989856012999,0.012501365764647398
550,c,0.548378868093172,0.05364978820151884,0.7488989856012999,0.012501362522829606
551,b,0.548378868093172,0.0535259506995838,0.7488989856012999,0.012501308847785513
552,a,0.548378868093172,0.0535259506995838,0.7489363430766385,0.012501274656051902
553,c,0.5484338731823897,0.0535259506995838,0.7489363430766385,0.012501271630492061
554,b,0.5484338731823897,0.053406315010476844,0.7489363430766385,0.012501221536048695
555,a,0.5484338731823897,0.053406315010476844,0.7489724330109121,0.012501189625206499
556,c,0.5484870119460923,0.053406315010476844,0.7489724330109121,0.01250118680147828
557,b,0.5484870119460923,0.05329073856647223,0.7489724330109121,0.01250114004877785
558,a,0.5484870119460923,0.05329073856647223,0.7490072984118541,0.012501110266671353
559,c,0.5485383477088024,0.05329073856647223,0.7490072984118541,0.012501107631310841
560,b,0.5485383477088024,0.053179083637174225,0.7490072984118541,0.012501063997429476
561,a,0.5485383477088024,0.053179083637174225,0.7490409808279438,0.012501036202053216
562,c,0.5485879416464354,0.053179083637174225,0.7490409808279438,0.012501033742494545
563,b,0.5485879416464354,0.053071217165386333,0.7490409808279438,0.012500993019379536
564,a,0.5485879416464354,0.053071217165386333,0.7490735203979183,0.012500967078200967
565,c,0.5486358528592068,0.053071217165386333,0.7490735203979183,0.012500964782716659
566,b,0.5486358528592068,0.052967010608549865,0.7490735203979183,0.01250092677619393
567,a,0.5486358528592068,0.052967010608549865,0.7491049558986053,0.01250090256552167
568,c,0.5486821384420568,0.052967010608549865,0.7491049558986053,0.012500900423166515
569,b,0.5486821384420568,0.052866339785562086,0.7491049558986053,0.012500864952015382
570,a,0.5486821384420568,0.052866339785562086,0.7491353247911324,0.012500842356409395
571,c,0.5487268535526932,0.052866339785562086,0.7491353247911324,0.012500840356968275
572,b,0.5487268535526932,0.05276908472879097,0.7491353247911324,0.012500807252057069
573,a,0.5487268535526932,0.05276908472879097,0.7491646632655695,0.012500786163778057
574,c,0.5487700514773199,0.05276908472879097,0.7491646632655695,0.012500784297717341
575,b,0.5487700514773199,0.05267512954111275,0.7491646632655695,0.012500753401196848
576,a,0.5487700514773199,0.05267512954111275,0.7491930062840557,0.012500733719692758
577,c,0.548811783694136,0.05267512954111275,0.7491930062840557,0.012500731978114825
578,b,0.548811783694136,0.05258436225779839,0.7491930062840557,0.012500703142665805
579,a,0.548811783694136,0.05258436225779839,0.7492203876224628,0.012500684774092323
580,c,0.5488520999346829,0.05258436225779839,0.7492203876224628,0.012500683148693072
581,b,0.5488520999346829,0.05249667471308861,0.7492203876224628,0.01250065623682383
582,a,0.5488520999346829,0.05249667471308861,0.7492468399106456,0.01250063909359687
583,c,0.5488910482431075,0.05249667471308861,0.7492468399106456,0.01250063757662614
584,b,0.5488910482431075,0.05241196241129385,0.7492468399106456,0.01250061246001686
585,a,0.5488910482431075,0.05241196241129385,0.7492723946713257,0.012500596460394916
586,c,0.548928675033419,0.05241196241129385,0.7492723946713257,0.012500595044619577
587,b,0.548928675033419,0.052330124402268856,0.7492723946713257,0.012500571603510575
588,a,0.548928675033419,0.052330124402268856,0.7492970823576578,0.012500556671205082
589,c,0.5489650251447946,0.052330124402268856,0.7492970823576578,0.012500555349874497
590,b,0.5489650251447946,0.05225106316111093,0.7492970823576578,0.012500533472494964
591,a,0.5489650251447946,0.05225106316111093,0.7493209323895192,0.012500519536306478
592,c,0.5490001418950161,0.05225106316111093,0.7493209323895192,0.012500518303120333
593,b,0.5490001418950161,0.05217468447194357,0.7493209323895192,0.012500497885155781
594,a,0.5490001418950161,0.05217468447194357,0.7493439731885695,0.012500484878634477
595,c,0.5490340671320912,0.05217468447194357,0.7493439731885695,0.012500483727712756
596,b,0.5490340671320912,0.05210089731563932,0.7493439731885695,0.01250046467180727
597,a,0.5490340671320912,0.05210089731563932,0.7493662322121195,0.0125004525329361
598,c,0.5490668412841231,0.05210089731563932,0.7493662322121195,0.012500451458791048
599,b,0.5490668412841231,0.0520296137613541,0.7493662322121195,0.012500433674083142
600,a,0.5490668412841231,0.0520296137613541,0.7493877359858524,0.012500422344982168
601,c,0.5490985034074853,0.0520296137613541,0.7493877359858524,0.012500421342492114
602,b,0.5490985034074853,0.051960748861743004,0.7493877359858524,0.012500404744181752
603,a,0.5490985034074853,0.051960748861743004,0.7494085101354333,0.012500394170832117
604,c,0.5491290912333691,0.051960748861743004,0.7494085101354333,0.012500393235217025
605,b,0.5491290912333691,0.051894220551727495,0.7494085101354333,0.012500377744160886
606,a,0.5491290912333691,0.051894220551727495,0.7494285794170474,0.012500367876147282
607,c,0.5491586412127427,0.051894220551727495,0.7494285794170474,0.012500367002946001
608,b,0.5491586412127427,0.05182994955070238,0.7494285794170474,0.01250035254528053
609,a,0.5491586412127427,0.05182994955070238,0.7494479677469011,0.012500343335550846
610,c,0.5491871885597925,0.05182994955070238,0.7494479677469011,0.012500342520599823
611,b,0.5491871885597925,0.051767859268057236,0.7494479677469011,0.012500329027388627
612,a,0.5491871885597925,0.051767859268057236,0.7494666982297229,0.012500320432029446
613,c,0.5492147672938841,0.051767859268057236,0.7494666982297229,0.012500319671442882
614,b,0.5492147672938841,0.05170787571190516,0.7494666982297229,0.012500307078348323
615,a,0.5492147672938841,0.05170787571190516,0.7494847931862963,0.012500299056375737
616,c,0.5492414102801049,0.05170787571190516,0.7494847931862963,0.012500298346527024
617,b,0.5492414102801049,0.05164992740090746,0.7494847931862963,0.012500286593503409
618,a,0.5492414102801049,0.05164992740090746,0.74950227418006,0.012500279106667405
619,c,0.5492671492684287,0.05164992740090746,0.74950227418006,0.012500278444171883
620,b,0.5492671492684287,0.051593945279090746,0.74950227418006,0.012500267475179013
621,a,0.5492671492684287,0.051593945279090746,0.7495191620428034,0.012500260487781271
622,c,0.5492920149315519,0.051593945279090746,0.7495191620428034,0.01250025986948007
623,b,0.5492920149315519,0.05153986263355469,0.7495191620428034,0.012500249632216113
624,a,0.5492920149315519,0.05153986263355469,0.7495354768994928,0.012500243110939654
625,c,0.5493160369014429,0.05153986263355469,0.7495354768994928,0.01250024253388463
626,b,0.5493160369014429,0.05148761501497136,0.7495354768994928,0.012500232979536896
627,a,0.5493160369014429,0.05148761501497136,0.7495512381922533,0.012500226893287343
628,c,0.5493392438046567,0.05148761501497136,0.7495512381922533,0.012500226354726977
629,b,0.5493392438046567,0.05143714016078122,0.7495512381922533,0.012500217437738785
630,a,0.5493392438046567,0.05143714016078122,0.7495664647035375,0.012500211757495938
631,c,0.5493616632964469,0.05143714016078122,0.7495664647035375,0.012500211254862325
632,b,0.5493616632964469,0.051388377920997694,0.7495664647035375,0.012500202932716243
633,a,0.5493616632964469,0.051388377920997694,0.7495811745785085,0.012500197631395902
634,c,0.5493833220937234,0.051388377920997694,0.7495811745785085,0.012500197162292403
635,b,0.5493833220937234,0.05134127018652533,0.7495811745785085,0.012500189395307136
636,a,0.5493833220937234,0.05134127018652533,0.7495953853466629,0.012500184447631797
637,c,0.5494042460068917,0.05134127018652533,0.7495953853466629,0.012500184009821677
638,b,0.5494042460068917,0.051295760819913126,0.7495953853466629,0.012500176760963126
639,a,0.5494042460068917,0.051295760819913126,0.7496091139427208,0.012500172143341558
640,c,0.5494244599706075,0.051295760819913126,0.7496091139427208,0.012500171734737239
641,b,0.5494244599706075,0.05125179558845768,0.7496091139427208,0.01250016496944172
642,a,0.5494244599706075,0.05125179558845768,0.7496223767268063,0.012500160659856378
643,c,0.5494439880734916,0.05125179558845768,0.7496223767268063,0.012500160278509576
644,b,0.5494439880734916,0.051209322099572976,0.7496223767268063,0.012500153964519199
645,a,0.5494439880734916,0.051209322099572976,0.7496351895039438,0.012500149942421391
646,c,0.5494628535868373,0.051209322099572976,0.7496351895039438,0.012500149586513786
647,b,0.5494628535868373,0.05116828973835703,0.7496351895039438,0.01250014369372243
648,a,0.5494628535868373,0.05116828973835703,0.7496475675428921,0.01250013993993412
649,c,0.5494810789923421,0.05116828973835703,0.7496475675428921,0.012500139607768714
650,b,0.5494810789923421,0.05112864960727365,0.7496475675428921,0.01250013410807874
651,a,0.5494810789923421,0.05112864960727365,0.7496595255943403,0.0125001306047014
652,c,0.5494986860088984,0.05112864960727365,0.7496595255943403,0.012500130294694356
653,b,0.5494986860088984,0.05109035446788265,0.7496595255943403,0.01250012516188242
654,a,0.5494986860088984,0.05109035446788265,0.7496710779084861,0.012500121892211358
655,c,0.5495156956184748,0.05109035446788265,0.7496710779084861,0.01250012160288453
656,b,0.5495156956184748,0.051053358684546524,0.7496710779084861,0.0125001168124766
657,a,0.5495156956184748,0.051053358684546524,0.7496822382520173,0.01250011376092153
658,c,0.5495321280911196,0.051053358684546524,0.7496822382520173,0.012500113490895371
659,b,0.5495321280911196,0.05101761817004708,0.7496822382520173,0.012500109020050026
660,a,0.5495321280911196,0.05101761817004708,0.7496930199245166,0.012500106172060692
661,c,0.5495480030091211,0.05101761817004708,0.7496930199245166,0.012500105920047693
662,b,0.5495480030091211,0.05098309033304815,0.7496930199245166,0.012500101747447373
663,a,0.5495480030091211,0.05098309033304815,0.7497034357743119,0.012500099089444137
664,c,0.5495633392903363,0.05098309033304815,0.7497034357743119,0.012500098854242626
665,b,0.5495633392903363,0.050949734027339745,0.7497034357743119,0.012500094959991681
666,a,0.5495633392903363,0.050949734027339745,0.7497134982137864,0.01250009247930082
667,c,0.5495781552107379,0.050949734027339745,0.7497134982137864,0.012500092259789323
668,b,0.5495781552107379,0.05091750950280449,0.7497134982137864,0.012500088625319377
669,a,0.5495781552107379,0.05091750950280449,0.7497232192341704,0.012500086310112573
670,c,0.549592468426197,0.05091750950280449,0.7497232192341704,0.012500086105244437
671,b,0.549592468426197,0.050886378358048844,0.7497232192341704,0.012500082713225818
672,a,0.549592468426197,0.050886378358048844,0.7497326104198314,0.012500080552463804
673,c,0.5496062959935171,0.050886378358048844,0.7497326104198314,0.012500080361262175
674,b,0.5496062959935171,0.050856303494640286,0.7497326104198314,0.012500077195521245
675,a,0.5496062959935171,0.050856303494640286,0.7497416829620788,0.01250007517890118
676,c,0.5496196543907641,0.050856303494640286,0.7497416829620788,0.012500075000454402
677,b,0.5496196543907641,0.05082724907289839,0.7497416829620788,0.012500072045896449
678,a,0.5496196543907641,0.05082724907289839,0.7497504476724997,0.012500070163802845
679,c,0.5496325595369038,0.05082724907289839,0.7497504476724997,0.012500069997260036
680,b,0.5496325595369038,0.05079918046918484,0.7497504476724997,0.012500067239797168
681,a,0.5496325595369038,0.05079918046918484,0.7497589149958438,0.012500065483255851
682,c,0.5496450268107691,0.05079918046918484,0.7497589149958438,0.012500065327822923
683,b,0.5496450268107691,0.05077206423464352,0.7497589149958438,0.012500062754307307
684,a,0.5496450268107691,0.05077206423464352,0.7497670950224701,0.012500061114942847
685,c,0.5496570710693893,0.05077206423464352,0.7497670950224701,0.012500060969878669
686,b,0.5496570710693893,0.05074586805533876,0.7497670950224701,0.01250005856803935
687,a,0.5496570710693893,0.05074586805533876,0.7497749975003709,0.012500057038035023
688,c,0.5496687066656936,0.05074586805533876,0.7497749975003709,0.01250005690264792
689,b,0.5496687066656936,0.05072056071374905,0.7497749975003709,0.012500054661032543
690,a,0.5496687066656936,0.05072056071374905,0.7497826318467891,0.012500053233093033
691,c,0.5496799474656147,0.05072056071374905,0.7497826318467891,0.012500053106737451
692,b,0.5496799474656147,0.05069611205156477,0.7497826318467891,0.012500051014657655
693,a,0.5496799474656147,0.05069611205156477,0.7497900071594393,0.012500049681974362
694,c,0.5496908068646151,0.05069611205156477,0.7497900071594393,0.012500049564047816
695,b,0.5496908068646151,0.050672492933749425,0.7497900071594393,0.012500047611528274
696,a,0.5496908068646151,0.050672492933749425,0.7497971322273511,0.012500046367746747
697,c,0.5497012978036468,0.050672492933749425,0.7497971322273511,0.012500046257686956
698,b,0.5497012978036468,0.050649675213820036,0.7497971322273511,0.01250004443541775
699,a,0.5497012978036468,0.050649675213820036,0.749804015541341,0.01250004327460747
700,c,0.5497114327845765,0.050649675213820036,0.749804015541341,0.01250004317188964
701,b,0.5497114327845765,0.050627631700304675,0.749804015541341,0.012500041471181922
702,a,0.5497114327845765,0.050627631700304675,0.7498106653041323,0.01250004038780797
703,c,0.5497212238850797,0.050627631700304675,0.7498106653041323,0.012500040291942311
704,b,0.5497212238850797,0.05060633612433994,0.7498106653041323,0.012500038704686826
705,a,0.5497212238850797,0.05060633612433994,0.7498170894401291,0.012500037693583498
706,c,0.5497306827730379,0.05060633612433994,0.7498170894401291,0.012500037604112961
707,b,0.5497306827730379,0.05058576310836597,0.7498170894401291,0.012500036122741537
708,a,0.5497306827730379,0.05058576310836597,0.74982329560486,0.012500035179087739
709,c,0.5497398207204407,0.05058576310836597,0.74982329560486,0.012500035095585666
710,b,0.5497398207204407,0.050565888135885216,0.74982329560486,0.01250003371303482
711,a,0.5497398207204407,0.050565888135885216,0.7498292911941017,0.012500032832331103
712,c,0.5497486486168164,0.050565888135885216,0.7498292911941017,0.01250003275439935
713,b,0.5497486486168164,0.050546687522245747,0.7498292911941017,0.012500031464076878
714,a,0.5497486486168164,0.050546687522245747,0.749835083352691,0.012500030642123895
715,c,0.5497571769822129,0.050546687522245747,0.749835083352691,0.012500030569390887
716,b,0.5497571769822129,0.05052813838641766,0.749835083352691,0.01250002936514431
717,a,0.5497571769822129,0.05052813838641766,0.7498406789830407,0.012500028598022862
718,c,0.5497654159797309,0.05052813838641766,0.7498406789830407,0.012500028530141783
719,b,0.5497654159797309,0.05051021862372477,0.7498406789830407,0.012500027406229177
720,a,0.5497654159797309,0.05051021862372477,0.749846084753364,0.012500026690281552
721,c,0.5497733754276388,0.05051021862372477,0.749846084753364,0.01250002662692874
722,b,0.5497733754276388,0.05049290687950452,0.749846084753364,0.012500025577991028
723,a,0.5497733754276388,0.05049290687950452,0.7498513071056213,0.01250002490980343
724,c,0.5497810648110688,0.05049290687950452,0.7498513071056213,0.012500024850676824
725,b,0.5497810648110688,0.05047618252365841,0.7498513071056213,0.012500023871712533
726,a,0.5497810648110688,0.05047618252365841,0.7498563522631974,0.012500023248098955
727,c,0.5497884932933217,0.05047618252365841,0.7498563522631974,0.012500023192916617
728,b,0.5497884932933217,0.05046002562606893,0.7498563522631974,0.012500022279257941
729,a,0.5497884932933217,0.05046002562606893,0.7498612262383165,0.01250002169724495
730,c,0.5497956697267887,0.05046002562606893,0.7498612262383165,0.01250002164574375
731,b,0.5497956697267887,0.050444416932848214,0.7498612262383165,0.01250002079303415
732,a,0.5497956697267887,0.050444416932848214,0.7498659348392083,0.01250002024984655
733,c,0.5498026026634988,0.050444416932848214,0.7498659348392083,0.012500020201780938
734,b,0.5498026026634988,0.05042933784339354,0.7498659348392083,0.012500019405954636
735,a,0.5498026026634988,0.05042933784339354,0.7498704836770291,0.012500018899002477
736,c,0.5498093003653075,0.05042933784339354,0.7498704836770291,0.01250001885414328
737,b,0.5498093003653075,0.050414770388222,0.7498704836770291,0.012500018111405666
738,a,0.5498093003653075,0.050414770388222,0.749874878172548,0.012500017638271682
739,c,0.549815770813749,0.050414770388222,0.749874878172548,0.01250001759640499
740,b,0.549815770813749,0.05040069720755547,0.749874878172548,0.012500016903214515
741,a,0.549815770813749,0.05040069720755547,0.7498791235626072,0.012500016461642753
742,c,0.5498220217195415,0.05040069720755547,0.7498791235626072,0.01250001642256894
743,b,0.5498220217195415,0.05038710153063519,0.7498791235626072,0.012500015775620432
744,a,0.5498220217195415,0.05038710153063519,0.7498832249063628,0.012500015363505429
745,c,0.5498280605317771,0.05038710153063519,0.7498832249063628,0.012500015327038162
746,b,0.5498280605317771,0.05037396715573398,0.7498832249063628,0.012500014723246883
747,a,0.5498280605317771,0.05037396715573398,0.7498871870913133,0.012500014338623579
748,c,0.5498338944468024,0.05037396715573398,0.7498871870913133,0.012500014304589004
749,b,0.5498338944468024,0.050361278430850476,0.7498871870913133,0.012500013741075924
750,a,0.5498338944468024,0.050361278430850476,0.7498910148391241,0.012500013382110417
751,c,0.54983953041679,0.050361278430850476,0.7498910148391241,0.012500013350346258
752,b,0.54983953041679,0.050349020235056434,0.7498910148391241,0.012500012824424497
753,a,0.54983953041679,0.050349020235056434,0.7498947127112541,0.01250001248940519
754,c,0.5498449751580261,0.050349020235056434,0.7498947127112541,0.012500012459759971
755,b,0.5498449751580261,0.05033717796047833,0.7498947127112541,0.012500011968921847
756,a,0.5498449751580261,0.05033717796047833,0.749898285114392,0.012500011656251253
757,c,0.5498502351589107,0.05033717796047833,0.749898285114392,0.012500011628583645
758,b,0.5498502351589107,0.05032573749488708,0.749898285114392,0.012500011170488731
759,a,0.5498502351589107,0.05032573749488708,0.7499017363057073,0.012500010878676093
760,c,0.5498553166876938,0.05032573749488708,0.7499017363057073,0.012500010852854147
761,b,0.5498553166876938,0.050314685204883754,0.7499017363057073,0.012500010425318214
762,a,0.5498553166876938,0.050314685204883754,0.7499050703979232,0.012500010152972032
763,c,0.549860225799943,0.050314685204883754,0.7499050703979232,0.01250001012887265
764,b,0.549860225799943,0.05030400791965052,0.7499050703979232,0.012500009729857224
765,a,0.549860225799943,0.05030400791965052,0.7499082913642182,0.012500009475678928
766,c,0.5498649683457608,0.05030400791965052,0.7499082913642182,0.012500009453187175
767,b,0.5498649683457608,0.050293692915255504,0.7499082913642182,0.012500009080789543
768,a,0.5498649683457608,0.050293692915255504,0.7499114030429608,0.01250000884356724
769,c,0.5498695499767541,0.050293692915255504,0.7499114030429608,0.012500008822575888
770,b,0.5498695499767541,0.05028372789949209,0.7499114030429608,0.012500008475020493
771,a,0.5498695499767541,0.05028372789949209,0.749914409142283,0.01250000825362297
772,c,0.5498739761527713,0.05028372789949209,0.749914409142283,0.012500008234031924
773,b,0.5498739761527713,0.050274100997227275,0.749914409142283,0.012500007909661565
774,a,0.5498739761527713,0.050274100997227275,0.7499173132445003,0.012500007703033212
775,c,0.549878252148408,0.050274100997227275,0.7499173132445003,0.012500007684749095
776,b,0.549878252148408,0.05026480073625298,0.7499173132445003,0.012500007382017116
777,a,0.549878252148408,0.05026480073625298,0.7499201188103793,0.012500007189172685
778,c,0.5498823830592929,0.05026480073625298,0.7499201188103793,0.012500007172108273
779,b,0.5498823830592929,0.05025581603361319,0.7499201188103793,0.012500006889571225
780,a,0.5498823830592929,0.05025581603361319,0.7499228291832634,0.012500006709591262
781,c,0.5498863738081585,0.05025581603361319,0.7499228291832634,0.012500006693665185
782,b,0.5498863738081585,0.05024713618239777,0.7499228291832634,0.012500006429975802
783,a,0.5498863738081585,0.05024713618239777,0.7499254475930557,0.0125000062620021
784,c,0.5498902291507082,0.05024713618239777,0.7499254475930557,0.012500006247138443
785,b,0.5498902291507082,0.05023875083898207,0.7499254475930557,0.01250000600103951
786,a,0.5498902291507082,0.05023875083898207,0.7499279771600688,0.012500005844271127
787,c,0.5498939536812864,0.05023875083898207,0.7499279771600688,0.012500005830398977
788,b,0.5498939536812864,0.05023065001070037,0.7499279771600688,0.01250000560071701
789,a,0.5498939536812864,0.05023065001070037,0.7499304208987426,0.012500005454406472
790,c,0.5498975518383502,0.05023065001070037,0.7499304208987426,0.012500005441459761
791,b,0.5498975518383502,0.050222824043940406,0.7499304208987426,0.012500005227099617
792,a,0.5498975518383502,0.050222824043940406,0.7499327817212371,0.01250000509054927
793,c,0.5499010279097596,0.050222824043940406,0.7499327817212371,0.012500005078466197
794,b,0.5499010279097596,0.05021526361263616,0.7499327817212371,0.012500004878405732
795,a,0.5499010279097596,0.05021526361263616,0.7499350624409027,0.012500004750964541
796,c,0.5499043860378863,0.05021526361263616,0.7499350624409027,0.012500004739687496
797,b,0.5499043860378863,0.05020795970715598,0.7499350624409027,0.012500004552972904
798,a,0.5499043860378863,0.05020795970715598,0.7499372657756324,0.012500004434033153
799,c,0.5499076302245531,0.05020795970715598,0.7499372657756324,0.012500004423508406
800,b,0.5499076302245531,0.050200903623565295,0.7499372657756324,0.012500004249249273
801,a,0.5499076302245531,0.050200903623565295,0.7499393943511012,0.012500004138243885
802,c,0.5499107643357979,0.050200903623565295,0.7499393943511012,0.01250000412842122
803,b,0.5499107643357979,0.050194086953254925,0.7499393943511012,0.01250000396578673
804,a,0.5499107643357979,0.050194086953254925,0.7499414507038944,0.012500003862186358
805,c,0.5499137921064872,0.050194086953254925,0.7499414507038944,0.012500003853018964
806,b,0.5499137921064872,0.05018750157291991,0.7499414507038944,0.012500003701233638
807,a,0.5499137921064872,0.05018750157291991,0.7499434372845313,0.012500003604544323
808,c,0.5499167171447605,0.05018750157291991,0.7499434372845313,0.012500003595988487
809,b,0.5499167171447605,0.050181139634879406,0.7499434372845313,0.012500003454328614
810,a,0.5499167171447605,0.050181139634879406,0.7499453564603845,0.012500003364089329
811,c,0.549919542936335,0.050181139634879406,0.7499453564603845,0.012500003356104242
812,b,0.549919542936335,0.05017499355772489,0.7499453564603845,0.012500003223894308
813,a,0.549919542936335,0.05017499355772489,0.7499472105185022,0.012500003139674786
814,c,0.5499222728486548,0.05017499355772489,0.7499472105185022,0.012500003132222355
815,b,0.5499222728486548,0.05016905601728513,0.7499472105185022,0.012500003008832002
816,a,0.5499222728486548,0.05016905601728513,0.7499490016683324,0.01250000293023069
817,c,0.5499249101349086,0.05016905601728513,0.7499490016683324,0.0125000029232754
818,b,0.5499249101349086,0.05016331993789867,0.7499490016683324,0.012500002808116238
819,a,0.5499249101349086,0.05016331993789867,0.7499507320443564,0.012500002734758304
820,c,0.5499274579379043,0.05016331993789867,0.7499507320443564,0.012500002728267016
821,b,0.5499274579379043,0.050157778483981987,0.7499507320443564,0.012500002620790053
822,a,0.5499274579379043,0.050157778483981987,0.7499524037086324,0.01250000255232573
823,c,0.5499299192938136,0.050157778483981987,0.7499524037086324,0.012500002546267435
824,b,0.5499299192938136,0.05015242505188233,0.7499524037086324,0.012500002445960157
825,a,0.5499299192938136,0.05015242505188233,0.7499540186532536,0.01250000238206301
826,c,0.549932297135789,0.05015242505188233,0.7499540186532536,0.012500002376408866
827,b,0.549932297135789,0.050147253262009785,0.7499540186532536,0.012500002282792922
828,a,0.549932297135789,0.050147253262009785,0.7499555788027205,0.012500002223158297
829,c,0.5499345942974636,0.050147253262009785,0.7499555788027205,0.012500002217881334
830,b,0.5499345942974636,0.050142256951234386,0.7499555788027205,0.012500002130510422
831,a,0.5499345942974636,0.050142256951234386,0.7499570860162355,0.012500002074853987
832,c,0.5499368135163243,0.050142256951234386,0.7499570860162355,0.012500002069929041
833,b,0.5499368135163243,0.05013743016554147,0.7499570860162355,0.012500001988386533
834,a,0.5499368135163243,0.05013743016554147,0.7499585420899181,0.012500001936442844
835,c,0.5499389574369746,0.05013743016554147,0.7499585420899181,0.012500001931846458
836,b,0.5499389574369746,0.050132767152935846,0.7499585420899181,0.01250000185574354
837,a,0.5499389574369746,0.050132767152935846,0.7499599487589456,0.012500001807264976
838,c,0.549941028614287,0.050132767152935846,0.7499599487589456,0.01250000180297518
839,b,0.549941028614287,0.05012826235658834,0.7499599487589456,0.012500001731949014
840,a,0.549941028614287,0.05012826235658834,0.7499613076996204,0.012500001686704407
841,c,0.549943029516446,0.05012826235658834,0.7499613076996204,0.012500001682700785
842,b,0.549943029516446,0.05012391040821334,0.7499613076996204,0.012500001616412695
843,a,0.549943029516446,0.05012391040821334,0.7499626205313681,0.012500001574186258
844,c,0.549944962527892,0.05012391040821334,0.7499626205313681,0.012500001570449722
845,b,0.549944962527892,0.05011970612167106,0.7499626205313681,0.012500001508583658
846,a,0.549944962527892,0.05011970612167106,0.7499638888186667,0.012500001469174116
847,c,0.5499468299521602,0.05011970612167106,0.7499638888186667,0.012500001465686854
848,b,0.5499468299521602,0.050115644486788416,0.7499638888186667,0.012500001407947782
849,a,0.5499468299521602,0.050115644486788416,0.7499651140729119,0.012500001371167217
850,c,0.5499486340146258,0.050115644486788416,0.7499651140729119,0.012500001367912576
851,b,0.5499486340146258,0.05011172066338711,0.7499651140729119,0.01250000131402521
852,a,0.5499486340146258,0.05011172066338711,0.7499662977542173,0.012500001279698214
853,c,0.549950376865159,0.05011172066338711,0.7499662977542173,0.012500001276660665
854,b,0.549950376865159,0.05010792997551583,0.7499662977542173,0.012500001226368053
855,a,0.549950376865159,0.05010792997551583,0.7499674412731551,0.01250000119433097
856,c,0.5499520605806834,0.05010792997551583,0.7499674412731551,0.012500001191496073
857,b,0.5499520605806834,0.05010426790587985,0.7499674412731551,0.012500001144558433
858,a,0.5499520605806834,0.05010426790587985,0.7499685459924363,0.012500001114658547
859,c,0.5499536871676529,0.05010426790587985,0.7499685459924363,0.01250000111201275
860,b,0.5499536871676529,0.05010073009045536,0.7499685459924363,0.012500001068206285
861,a,0.5499536871676529,0.05010073009045536,0.7499696132285354,0.012500001040300945
862,c,0.5499552585644434,0.05010073009045536,0.7499696132285354,0.01250000103783166
863,b,0.5499552585644434,0.050097312313290336,0.7499696132285354,0.012500000996947466
864,a,0.5499552585644434,0.050097312313290336,0.7499706442532585,0.012500000970903674
865,c,0.5499567766436595,0.050097312313290336,0.7499706442532585,0.01250000096859911
866,b,0.5499567766436595,0.050094010501481226,0.7499706442532585,0.012500000930442267
867,a,0.5499567766436595,0.050094010501481226,0.7499716402952596,0.01250000090613579
868,c,0.5499582432143697,0.050094010501481226,0.7499716402952596,0.012500000903984962
869,b,0.5499582432143697,0.05009082072031669,0.7499716402952596,0.012500000868373499
870,a,0.5499582432143697,0.05009082072031669,0.7499726025415043,0.012500000845688534
871,c,0.54995966002426,0.05009082072031669,0.7499726025415043,0.012500000843681193
872,b,0.54995966002426,0.050087739168591786,0.7499726025415043,0.012500000810445333
873,a,0.54995966002426,0.050087739168591786,0.7499735321386842,0.012500000789273623
874,c,0.5499610287617176,0.050087739168591786,0.7499735321386842,0.012500000787400179
875,b,0.5499610287617176,0.050084762174075995,0.7499735321386842,0.012500000756381443
876,a,0.5499610287617176,0.050084762174075995,0.7499744301945839,0.012500000736622096
877,c,0.5499623510578426,0.050084762174075995,0.7499744301945839,0.012500000734873631
878,b,0.5499623510578426,0.050081886189137545,0.7499744301945839,0.012500000705924049
879,a,0.5499623510578426,0.050081886189137545,0.7499752977794004,0.012500000687482804
880,c,0.549963628488392,0.050081886189137545,0.7499752977794004,0.012500000685850988
881,b,0.549963628488392,0.05007910778651668,0.7499752977794004,0.012500000658832663
882,a,0.549963628488392,0.05007910778651668,0.7499761359270195,0.012500000641621628
883,c,0.5499648625756564,0.05007910778651668,0.7499761359270195,0.012500000640098657
884,b,0.5499648625756564,0.05007642365524007,0.7499761359270195,0.012500000614882701
885,a,0.5499648625756564,0.05007642365524007,0.7499769456362466,0.012500000598819769
886,c,0.5499660547902767,0.05007642365524007,0.7499769456362466,0.01250000059739839
887,b,0.5499660547902767,0.05007383059667576,0.7499769456362466,0.012500000573864557
888,a,0.5499660547902767,0.05007383059667576,0.7499777278719979,0.012500000558873195
889,c,0.5499672065529935,0.05007383059667576,0.7499777278719979,0.012500000557546648
890,b,0.5499672065529935,0.05007132552072261,0.7499777278719979,0.012500000535582728
891,a,0.5499672065529935,0.05007132552072261,0.7499784835664498,0.012500000521591437
892,c,0.5499683192363416,0.05007132552072261,0.7499784835664498,0.012500000520353372
893,b,0.5499683192363416,0.05006890544212566,0.7499784835664498,0.012500000499854651
894,a,0.5499683192363416,0.05006890544212566,0.7499792136201499,0.012500000486796671
895,c,0.5499693941662871,0.05006890544212566,0.7499792136201499,0.012500000485641207
896,b,0.5499693941662871,0.0500665674769201,0.7499792136201499,0.012500000466509889
897,a,0.5499693941662871,0.0500665674769201,0.7499799189030905,0.01250000045432301
898,c,0.5499704326238031,0.0500665674769201,0.7499799189030905,0.012500000453244627
899,b,0.5499704326238031,0.05006430883899477,0.7499799189030905,0.012500000435389525
900,a,0.5499704326238031,0.05006430883899477,0.7499806002557444,0.012500000424015632
901,c,0.5499714358464023,0.05006430883899477,0.7499806002557444,0.012500000423009153
902,b,0.5499714358464023,0.05006212683677041,0.7499806002557444,0.012500000406345226
903,a,0.5499714358464023,0.05006212683677041,0.7499812584900677,0.012500000395730078
904,c,0.5499724050296075,0.05006212683677041,0.7499812584900677,0.012500000394790751
905,b,0.5499724050296075,0.05006001886999404,0.7499812584900677,0.012500000379238384
906,a,0.5499724050296075,0.05006001886999404,0.7499818943904665,0.012500000369331347
907,c,0.5499733413283763,0.05006001886999404,0.7499818943904665,0.012500000368454703
908,b,0.5499733413283763,0.050057982426639266,0.7499818943904665,0.012500000353939819
909,a,0.5499733413283763,0.050057982426639266,0.7499825087147319,0.012500000344693642
910,c,0.5499742458584791,0.050057982426639266,0.7499825087147319,0.01250000034387548
911,b,0.5499742458584791,0.05005601507991259,0.7499825087147319,0.0125000003303289
912,a,0.5499742458584791,0.05005601507991259,0.7499831021949432,0.012500000321699522
913,c,0.5499751196978298,0.05005601507991259,0.7499831021949432,0.012500000320935938
914,b,0.5499751196978298,0.050054114485361775,0.7499831021949432,0.012500000308293019
915,a,0.5499751196978298,0.050054114485361775,0.7499836755383404,0.012500000300239346
916,c,0.5499759638877655,0.050054114485361775,0.7499836755383404,0.01250000029952669
917,b,0.5499759638877655,0.05005227837808235,0.7499836755383404,0.01250000028772717
918,a,0.5499759638877655,0.05005227837808235,0.7499842294281664,0.01250000028021071
919,c,0.549976779434294,0.05005227837808235,0.7499842294281664,0.012500000279545601
920,b,0.549976779434294,0.05005050457001735,0.7499842294281664,0.012500000268533202
921,a,0.549976779434294,0.05005050457001735,0.7499847645244823,0.01250000026151816
922,c,0.5499775673092859,0.05005050457001735,0.7499847645244823,0.012500000260897412
923,b,0.5499775673092859,0.05004879094735161,0.7499847645244823,0.012500000250619705
924,a,0.5499775673092859,0.05004879094735161,0.7499852814649524,0.012500000244072641
925,c,0.5499783284516395,0.05004879094735161,0.7499852814649524,0.012500000243493304
926,b,0.5499783284516395,0.05004713546799141,0.7499852814649524,0.012500000233901134
927,a,0.5499783284516395,0.05004713546799141,0.7499857808656056,0.012500000227790808
928,c,0.5499790637683932,0.05004713546799141,0.7499857808656056,0.01250000022725013
929,b,0.5499790637683932,0.050045536159131335,0.7499857808656056,0.012500000218297896
930,a,0.5499790637683932,0.050045536159131335,0.749986263321569,0.012500000212595173
931,c,0.5499797741358115,0.050045536159131335,0.749986263321569,0.012500000212090552
932,b,0.5499797741358115,0.050043991114903416,0.749986263321569,0.012500000203735453
933,a,0.5499797741358115,0.050043991114903416,0.7499867294077768,0.012500000198413129
934,c,0.5499804604004259,0.050043991114903416,0.7499867294077768,0.01250000019794218
935,b,0.5499804604004259,0.050042498494105914,0.7499867294077768,0.012500000190144505
936,a,0.5499804604004259,0.050042498494105914,0.7499871796796553,0.012500000185177254
937,c,0.5499811233800473,0.050042498494105914,0.7499871796796553,0.012500000184737712
938,b,0.5499811233800473,0.05004105651800878,0.7499871796796553,0.012500000177460151
939,a,0.5499811233800473,0.05004105651800878,0.749987614673786,0.012500000172824263
940,c,0.5499817638647357,0.05004105651800878,0.749987614673786,0.012500000172414042
941,b,0.5499817638647357,0.050039663468234706,0.749987614673786,0.012500000165622003
942,a,0.5499817638647357,0.050039663468234706,0.7499880349085434,0.012500000161295365
943,c,0.5499823826177463,0.050039663468234706,0.7499880349085434,0.01250000016091251
944,b,0.5499823826177463,0.05003831768471123,0.7499880349085434,0.012500000154573553
945,a,0.5499823826177463,0.05003831768471123,0.7499884408847138,0.012500000150535557
946,c,0.5499829803764347,0.05003831768471123,0.7499884408847138,0.01250000015017823
947,b,0.5499829803764347,0.05003701756369239,0.7499884408847138,0.012500000144262127
948,a,0.5499829803764347,0.05003701756369239,0.7499888330860918,0.01250000014049348
949,c,0.5499835578531402,0.05003701756369239,0.7499888330860918,0.012500000140160025
950,b,0.5499835578531402,0.050035761555846846,0.7499888330860918,0.012500000134638563
951,a,0.5499835578531402,0.050035761555846846,0.7499892119800567,0.012500000131121354
952,c,0.5499841157360312,0.050035761555846846,0.7499892119800567,0.0125000001308101
953,b,0.5499841157360312,0.05003454816441203,0.7499892119800567,0.012500000125656972
954,a,0.5499841157360312,0.05003454816441203,0.7499895780181299,0.012500000122374379
955,c,0.549984654689927,0.05003454816441203,0.7499895780181299,0.012500000122083929
956,b,0.549984654689927,0.05003337594341163,0.7499895780181299,0.012500000117274594
957,a,0.549984654689927,0.05003337594341163,0.7499899316365122,0.012500000114210945
958,c,0.5499851753570901,0.05003337594341163,0.7499899316365122,0.012500000113939862
959,b,0.5499851753570901,0.050032243495930065,0.7499899316365122,0.01250000010945133
960,a,0.5499851753570901,0.050032243495930065,0.7499902732566047,0.012500000106592076
961,c,0.5499856783579884,0.050032243495930065,0.7499902732566047,0.012500000106339056
962,b,0.5499856783579884,0.05003114947245001,0.7499902732566047,0.0125000001021499
963,a,0.5499856783579884,0.05003114947245001,0.7499906032855098,0.012500000099481372
964,c,0.5499861642920405,0.05003114947245001,0.7499906032855098,0.01250000009924524
965,b,0.5499861642920405,0.05003009256924302,0.7499906032855098,0.012500000095335612
966,a,0.5499861642920405,0.05003009256924302,0.7499909221165172,0.012500000092845097
967,c,0.549986633738325,0.05003009256924302,0.7499909221165172,0.012500000092624718
968,b,0.549986633738325,0.050029071526816536,0.7499909221165172,0.012500000088975928
969,a,0.549986633738325,0.050029071526816536,0.7499912301295719,0.012500000086651523
970,c,0.5499870872562735,0.050029071526816536,0.7499912301295719,0.012500000086445844
971,b,0.5499870872562735,0.05002808512841206,0.7499912301295719,0.012500000083040424
972,a,0.5499870872562735,0.05002808512841206,0.7499915276917279,0.012500000080871109
973,c,0.5499875253863342,0.05002808512841206,0.7499915276917279,0.01250000008067914
974,b,0.5499875253863342,0.0500271321985564,0.7499915276917279,0.01250000007750087
975,a,0.5499875253863342,0.0500271321985564,0.7499918151575846,0.012500000075476277
976,c,0.5499879486506192,0.0500271321985564,0.7499918151575846,0.012500000075297125
977,b,0.5499879486506192,0.05002621160165991,0.7499918151575846,0.012500000072330882
978,a,0.5499879486506192,0.05002621160165991,0.7499920928697099,0.012500000070441343
979,c,0.5499883575535254,0.05002621160165991,0.7499920928697099,0.012500000070274141
980,b,0.5499883575535254,0.05002532224066363,0.7499920928697099,0.012500000067505786
981,a,0.5499883575535254,0.05002532224066363,0.7499923611590484,0.01250000006574232
982,c,0.549988752582335,0.05002532224066363,0.7499923611590484,0.012500000065586271
983,b,0.549988752582335,0.050024463055731924,0.7499923611590484,0.012500000063002533
984,a,0.549988752582335,0.050024463055731924,0.749992620345316,0.01250000006135667
985,c,0.549989134207796,0.050024463055731924,0.749992620345316,0.012500000061211032
986,b,0.549989134207796,0.05002363302298894,0.749992620345316,0.012500000058799693
987,a,0.549989134207796,0.05002363302298894,0.7499928707373802,0.012500000057263639
988,c,0.5499895028846855,0.05002363302298894,0.7499928707373802,0.012500000057127703
989,b,0.5499895028846855,0.05002283115330007,0.7499928707373802,0.012500000054877222
990,a,0.5499895028846855,0.05002283115330007,0.7499931126336287,0.012500000053443655
991,c,0.5499898590523493,0.05002283115330007,0.7499931126336287,0.01250000005331679
992,b,0.5499898590523493,0.05002205649109089,0.7499931126336287,0.012500000051216455
993,a,0.5499898590523493,0.05002205649109089,0.7499933463223248,0.012500000049878522
994,c,0.5499902031352266,0.05002205649109089,0.7499933463223248,0.01250000004976014
995,b,0.5499902031352266,0.050021308113210594,0.7499933463223248,0.012500000047799853
996,a,0.5499902031352266,0.050021308113210594,0.7499935720819514,0.012500000046551163
997,c,0.5499905355433543,0.050021308113210594,0.7499935720819514,0.012500000046440668
998,b,0.5499905355433543,0.05002058512783033,0.7499935720819514,0.01250000004461119
999,a,0.5499905355433543,0.05002058512783033,0.7499937901815423,0.012500000043445782
1000,c,0.5499908566728564,0.05002058512783033,0.7499937901815423,0.012500000043342669
1001,b,0.5499908566728564,0.05001988667338126,0.7499937901815423,0.012500000041635219
1002,a,0.5499908566728564,0.05001988667338126,0.7499940008810029,0.012500000040547559
1003,c,0.5499911669064179,0.05001988667338126,0.7499940008810029,0.012500000040451313
1004,b,0.5499911669064179,0.050019211917527784,0.7499940008810029,0.01250000003885779
1005,a,0.5499911669064179,0.050019211917527784,0.74999420443142,0.012500000037842688
1006,c,0.5499914666137387,0.050019211917527784,0.74999420443142,0.012500000037752852
1007,b,0.5499914666137387,0.050018560056174825,0.74999420443142,0.012500000036265632
1008,a,0.5499914666137387,0.050018560056174825,0.7499944010753609,0.012500000035318261
1009,c,0.5499917561519747,0.050018560056174825,0.7499944010753609,0.012500000035234451
1010,b,0.5499917561519747,0.05001793031251164,0.7499944010753609,0.012500000033846404
1011,a,0.5499917561519747,0.05001793031251164,0.7499945910471625,0.012500000032962196
1012,c,0.5499920358661639,0.05001793031251164,0.7499945910471625,0.012500000032883965
1013,b,0.5499920358661639,0.05001732193608355,0.7499945910471625,0.01250000003158855
1014,a,0.5499920358661639,0.05001732193608355,0.7499947745732112,0.012500000030763339
1015,c,0.5499923060896355,0.05001732193608355,0.7499947745732112,0.012500000030690309
1016,b,0.5499923060896355,0.05001673420189893,0.7499947745732112,0.012500000029481316
1017,a,0.5499923060896355,0.05001673420189893,0.7499949518722118,0.01250000002871112
1018,c,0.5499925671444106,0.05001673420189893,0.7499949518722118,0.012500000028642993
1019,b,0.5499925671444106,0.05001616640956514,0.7499949518722118,0.012500000027514608
1020,a,0.5499925671444106,0.05001616640956514,0.749995123155448,0.01250000002679585
1021,c,0.549992819341584,0.05001616640956514,0.749995123155448,0.012500000026732246
1022,b,0.549992819341584,0.050015617882454934,0.749995123155448,0.01250000002567916
1023,a,0.549992819341584,0.050015617882454934,0.7499952886270351,0.012500000025008338
1024,c,0.5499930629816947,0.050015617882454934,0.7499952886270351,0.012500000024948978
1025,b,0.5499930629816947,0.05001508796689765,0.7499952886270351,0.012500000023966153
1026,a,0.5499930629816947,0.05001508796689765,0.7499954484841629,0.012500000023340055
1027,c,0.5499932983550835,0.05001508796689765,0.7499954484841629,0.012500000023284667
1028,b,0.5499932983550835,0.05001457603140252,0.7499954484841629,0.012500000022367397
1029,a,0.5499932983550835,0.05001457603140252,0.74999560291733,0.012500000021783073
1030,c,0.5499935257422415,0.05001457603140252,0.74999560291733,0.012500000021731367
1031,b,0.5499935257422415,0.05001408146590488,0.74999560291733,0.01250000002087528
1032,a,0.5499935257422415,0.05001408146590488,0.7499957521105718,0.012500000020329964
1033,c,0.5499937454141413,0.05001408146590488,0.7499957521105718,0.01250000002028172
1034,b,0.5499937454141413,0.05001360368104076,0.7499957521105718,0.012500000019482746
1035,a,0.5499937454141413,0.05001360368104076,0.7499958962416792,0.012500000018973783
1036,c,0.5499939576325619,0.05001360368104076,0.7499958962416792,0.012500000018928745
1037,b,0.5499939576325619,0.05001314210744136,0.7499958962416792,0.012500000018183082
1038,a,0.5499939576325619,0.05001314210744136,0.7499960354824107,0.012500000017708077
1039,c,0.549994162650401,0.05001314210744136,0.7499960354824107,0.012500000017666043
1040,b,0.549994162650401,0.05001269619505777,0.7499960354824107,0.012500000016970055
1041,a,0.549994162650401,0.05001269619505777,0.749996169998697,0.012500000016526742
1042,c,0.5499943607119739,0.05001269619505777,0.749996169998697,0.012500000016487524
1043,b,0.5499943607119739,0.050012265412504524,0.749996169998697,0.012500000015838047
1044,a,0.5499943607119739,0.050012265412504524,0.7499962999508388,0.012500000015424301
1045,c,0.5499945520533074,0.050012265412504524,0.7499962999508388,0.0125000000153877
1046,b,0.5499945520533074,0.050011849246425655,0.7499962999508388,0.01250000001478151
1047,a,0.5499945520533074,0.050011849246425655,0.7499964254936976,0.012500000014395343
1048,c,0.5499947369024198,0.050011849246425655,0.7499964254936976,0.012500000014361185
1049,b,0.5499947369024198,0.0500114472008834,0.7499964254936976,0.012500000013795453
1050,a,0.5499947369024198,0.0500114472008834,0.7499965467768808,0.012500000013435068
1051,c,0.5499949154795924,0.0500114472008834,0.7499965467768808,0.012500000013403177
1052,b,0.5499949154795924,0.05001105879676691,0.7499965467768808,0.012500000012875132
1053,a,0.5499949154795924,0.05001105879676691,0.7499966639449194,0.012500000012538764
1054,c,0.5499950879976319,0.05001105879676691,0.7499966639449194,0.012500000012508991
1055,b,0.5499950879976319,0.050010683571222056,0.7499966639449194,0.012500000012016212
1056,a,0.5499950879976319,0.050010683571222056,0.7499967771374405,0.012500000011702326
1057,c,0.5499952546621247,0.050010683571222056,0.7499967771374405,0.012500000011674573
1058,b,0.5499952546621247,0.05001032107709972,0.7499967771374405,0.012500000011214691
1059,a,0.5499952546621247,0.05001032107709972,0.7499968864893333,0.012500000010921709
1060,c,0.5499954156716838,0.05001032107709972,0.7499968864893333,0.012500000010895795
1061,b,0.5499954156716838,0.05000997088242164,0.7499968864893333,0.01250000001046654
1062,a,0.5499954156716838,0.05000997088242164,0.7499969921309106,0.012500000010193113
1063,c,0.5499955712181799,0.05000997088242164,0.7499969921309106,0.012500000010168906
1064,b,0.5499955712181799,0.05000963256986703,0.7499969921309106,0.01250000000976838
1065,a,0.5499955712181799,0.05000963256986703,0.7499970941880639,0.012500000009513195
1066,c,0.549995721486976,0.05000963256986703,0.7499970941880639,0.012500000009490603
1067,b,0.549995721486976,0.050009305736274455,0.7499970941880639,0.012500000009116722
1068,a,0.549995721486976,0.050009305736274455,0.749997192782413,0.01250000000887856
1069,c,0.549995866657143,0.050009305736274455,0.749997192782413,0.012500000008857499
1070,b,0.549995866657143,0.05000898999216271,0.749997192782413,0.012500000008508568
1071,a,0.549995866657143,0.05000898999216271,0.7499972880314505,0.012500000008286261
1072,c,0.5499960069016794,0.05000898999216271,0.7499972880314505,0.012500000008266603
1073,b,0.5499960069016794,0.05000868496126465,0.7499972880314505,0.012500000007940945
1074,a,0.5499960069016794,0.05000868496126465,0.7499973800486833,0.012500000007733506
1075,c,0.5499961423877116,0.05000868496126465,0.7499973800486833,0.012500000007715149
1076,b,0.5499961423877116,0.05000839028008081,0.7499973800486833,0.012500000007411189
1077,a,0.5499961423877116,0.05000839028008081,0.7499974689437667,0.012500000007217578
1078,c,0.5499962732766952,0.05000839028008081,0.7499974689437667,0.012500000007200458
1079,b,0.5499962732766952,0.050008105597444744,0.7499974689437667,0.012500000006916824
1080,a,0.5499962732766952,0.050008105597444744,0.7499975548226353,0.012500000006736166
1081,c,0.5499963997246096,0.050008105597444744,0.7499975548226353,0.012500000006720153
1082,b,0.5499963997246096,0.050007830574105024,0.7499975548226353,0.0125000000064554
1083,a,0.5499963997246096,0.050007830574105024,0.7499976377876294,0.012500000006286772
1084,c,0.5499965218821394,0.050007830574105024,0.7499976377876294,0.01250000000627184
1085,b,0.5499965218821394,0.05000756488232178,0.7499976377876294,0.012500000006024768
1086,a,0.5499965218821394,0.05000756488232178,0.7499977179376169,0.012500000005867366
1087,c,0.5499966398948581,0.05000756488232178,0.7499977179376169,0.012500000005853438
1088,b,0.5499966398948581,0.05000730820547413,0.7499977179376169,0.012500000005622866
1089,a,0.5499966398948581,0.05000730820547413,0.7499977953681114,0.012500000005475987
1090,c,0.549996753903399,0.05000730820547413,0.7499977953681114,0.01250000000546298
1091,b,0.549996753903399,0.050007060237685357,0.7499977953681114,0.0125000000052478
1092,a,0.549996753903399,0.050007060237685357,0.7499978701713851,0.012500000005110713
1093,c,0.5499968640436244,0.050007060237685357,0.7499978701713851,0.012500000005098572
1094,b,0.5499968640436244,0.05000682068345646,0.7499978701713851,0.01250000000489772
1095,a,0.5499968640436244,0.05000682068345646,0.7499979424365798,0.012500000004769774
1096,c,0.5499969704467862,0.05000682068345646,0.7499979424365798,0.012500000004758453
1097,b,0.5499969704467862,0.05000658925731497,0.7499979424365798,0.012500000004570983
1098,a,0.5499969704467862,0.05000658925731497,0.7499980122498127,0.012500000004451572
1099,c,0.549997073239683,0.05000658925731497,0.7499980122498127,0.012500000004441007
1100,b,0.549997073239683,0.05000636568347489,0.7499980122498127,0.012500000004266034
1101,a,0.549997073239683,0.05000636568347489,0.7499980796942789,0.012500000004154592
1102,c,0.5499971725448116,0.05000636568347489,0.7499980796942789,0.01250000000414473
1103,b,0.5499971725448116,0.050006149695506305,0.7499980796942789,0.01250000000398143
1104,a,0.5499971725448116,0.050006149695506305,0.7499981448503511,0.012500000003877442
1105,c,0.5499972684805114,0.050006149695506305,0.7499981448503511,0.01250000000386825
1106,b,0.5499972684805114,0.05000594103602093,0.7499981448503511,0.012500000003715886
1107,a,0.5499972684805114,0.05000594103602093,0.7499982077956744,0.012500000003618792
1108,c,0.5499973611611084,0.05000594103602093,0.7499982077956744,0.012500000003610214
1109,b,0.5499973611611084,0.05000573945636206,0.7499982077956744,0.012500000003467961
1110,a,0.5499973611611084,0.05000573945636206,0.7499982686052596,0.012500000003377379
1111,c,0.549997450697048,0.05000573945636206,0.7499982686052596,0.012500000003369365
1112,b,0.549997450697048,0.050005544716311946,0.7499982686052596,0.012500000003236636
1113,a,0.549997450697048,0.050005544716311946,0.7499983273515725,0.012500000003152094
1114,c,0.5499975371950283,0.050005544716311946,0.7499983273515725,0.012500000003144612
1115,b,0.5499975371950283,0.05000535658380174,0.7499983273515725,0.012500000003020711
1116,a,0.5499975371950283,0.05000535658380174,0.7499983841046197,0.012500000002941799
1117,c,0.5499976207581283,0.05000535658380174,0.7499983841046197,0.012500000002934827
1118,b,0.5499976207581283,0.05000517483463719,0.7499983841046197,0.012500000002819235
1119,a,0.5499976207581283,0.05000517483463719,0.7499984389320333,0.0125000000027456
1120,c,0.5499977014859279,0.05000517483463719,0.7499984389320333,0.012500000002739082
1121,b,0.5499977014859279,0.05000499925223093,0.7499984389320333,0.012500000002631156
1122,a,0.5499977014859279,0.05000499925223093,0.7499984918991498,0.01250000000256241
1123,c,0.5499977794746291,0.05000499925223093,0.7499984918991498,0.01250000000255634
1124,b,0.5499977794746291,0.050004829627345364,0.7499984918991498,0.012500000002455668
1125,a,0.5499977794746291,0.050004829627345364,0.7499985430690894,0.012500000002391485
1126,c,0.5499978548171693,0.050004829627345364,0.7499985430690894,0.012500000002385808
1127,b,0.5499978548171693,0.050004665757840225,0.7499985430690894,0.012500000002291779
1128,a,0.5499978548171693,0.050004665757840225,0.7499985925028304,0.012500000002231924
1129,c,0.5499979276033331,0.050004665757840225,0.7499985925028304,0.012500000002226628
1130,b,0.5499979276033331,0.050004507448436035,0.7499985925028304,0.012500000002138956
1131,a,0.5499979276033331,0.050004507448436035,0.7499986402592821,0.01250000000208309
1132,c,0.5499979979198586,0.050004507448436035,0.7499986402592821,0.012500000002078135
1133,b,0.5499979979198586,0.05000435451047812,0.7499986402592821,0.012500000001996246
1134,a,0.5499979979198586,0.05000435451047812,0.7499986863953547,0.012500000001944081
1135,c,0.549998065850541,0.05000435451047812,0.7499986863953547,0.012500000001939487
1136,b,0.549998065850541,0.05000420676171328,0.7499986863953547,0.012500000001863095
1137,a,0.549998065850541,0.05000420676171328,0.749998730966028,0.012500000001814416
1138,c,0.549998131476332,0.05000420676171328,0.749998730966028,0.012500000001810108
1139,b,0.549998131476332,0.050004064026071555,0.749998730966028,0.012500000001738773
1140,a,0.549998131476332,0.050004064026071555,0.7499987740244161,0.012500000001693342
1141,c,0.5499981948754362,0.050004064026071555,0.7499987740244161,0.012500000001689335
1142,b,0.5499981948754362,0.0500039261334574,0.7499987740244161,0.012500000001622828
1143,a,0.5499981948754362,0.0500039261334574,0.7499988156218308,0.01250000000158043
1144,c,0.5499982561234065,0.0500039261334574,0.7499988156218308,0.012500000001576679
1145,b,0.5499982561234065,0.05000379291954639,0.7499988156218308,0.012500000001514569
1146,a,0.5499982561234065,0.05000379291954639,0.7499988558078433,0.012500000001475019
1147,c,0.5499983152932288,0.05000379291954639,0.7499988558078433,0.012500000001471508
1148,b,0.5499983152932288,0.050003664225590584,0.7499988558078433,0.012500000001413518
1149,a,0.5499983152932288,0.050003664225590584,0.7499988946303422,0.012500000001376601
1150,c,0.5499983724554163,0.050003664225590584,0.7499988946303422,0.012500000001373324
1151,b,0.5499983724554163,0.05000353989822744,0.7499988946303422,0.012500000001319234
1152,a,0.5499983724554163,0.05000353989822744,0.7499989321355918,0.012500000001284772
1153,c,0.5499984276780876,0.05000353989822744,0.7499989321355918,0.012500000001281712
1154,b,0.5499984276780876,0.05000341978929791,0.7499989321355918,0.012500000001231231
1155,a,0.5499984276780876,0.05000341978929791,0.7499989683682862,0.012500000001199068
1156,c,0.549998481027052,0.05000341978929791,0.7499989683682862,0.012500000001196221
1157,b,0.549998481027052,0.050003303755670254,0.7499989683682862,0.012500000001149075
1158,a,0.549998481027052,0.050003303755670254,0.7499990033716035,0.012500000001119034
1159,c,0.549998532565882,0.050003303755670254,0.7499990033716035,0.012500000001116379
1160,b,0.549998532565882,0.050003191659070065,0.7499990033716035,0.012500000001072433
1161,a,0.549998532565882,0.050003191659070065,0.7499990371872565,0.012500000001044384
1162,c,0.5499985823559972,0.050003191659070065,0.7499990371872565,0.012500000001041903
1163,b,0.5499985823559972,0.05000308336591302,0.7499990371872565,0.012500000001000924
1164,a,0.5499985823559972,0.05000308336591302,0.7499990698555427,0.012500000000974754
1165,c,0.5499986304567313,0.05000308336591302,0.7499990698555427,0.012500000000972442
1166,b,0.5499986304567313,0.05000297874714832,0.7499990698555427,0.012500000000934123
1167,a,0.5499986304567313,0.05000297874714832,0.749999101415392,0.012500000000909709
1168,c,0.5499986769254055,0.05000297874714832,0.749999101415392,0.012500000000907549
1169,b,0.5499986769254055,0.05000287767810363,0.749999101415392,0.012500000000871798
1170,a,0.5499986769254055,0.05000287767810363,0.7499991319044143,0.012500000000849033
1171,c,0.5499987218173947,0.05000287767810363,0.7499991319044143,0.012500000000847007
1172,b,0.5499987218173947,0.050002780038337136,0.7499991319044143,0.01250000000081364
1173,a,0.5499987218173947,0.050002780038337136,0.7499991613589422,0.012500000000792407
1174,c,0.5499987651861966,0.050002780038337136,0.7499991613589422,0.012500000000790526
1175,b,0.5499987651861966,0.0500026857114929,0.7499991613589422,0.01250000000075935
1176,a,0.5499987651861966,0.0500026857114929,0.7499991898140766,0.012500000000739519
1177,c,0.549998807083492,0.0500026857114929,0.7499991898140766,0.012500000000737763
1178,b,0.549998807083492,0.050002594585163554,0.7499991898140766,0.01250000000070875
1179,a,0.549998807083492,0.050002594585163554,0.7499992173037267,0.012500000000690214
1180,c,0.5499988475592117,0.050002594585163554,0.7499992173037267,0.012500000000688575
1181,b,0.5499988475592117,0.050002506550755096,0.7499992173037267,0.012500000000661418
1182,a,0.5499988475592117,0.050002506550755096,0.7499992438606515,0.012500000000644126
1183,c,0.5499988866615868,0.050002506550755096,0.7499992438606515,0.012500000000642608
1184,b,0.5499988866615868,0.05000242150335892,0.7499992438606515,0.012500000000617314
1185,a,0.5499988866615868,0.05000242150335892,0.7499992695164986,0.012500000000601216
1186,c,0.5499989244372165,0.05000242150335892,0.7499992695164986,0.012500000000599788
1187,b,0.5499989244372165,0.050002339341625,0.7499992695164986,0.012500000000576094
1188,a,0.5499989244372165,0.050002339341625,0.7499992943018414,0.012500000000561038
1189,c,0.5499989609311173,0.050002339341625,0.7499992943018414,0.01250000000055972
1190,b,0.5499989609311173,0.05000225996764307,0.7499992943018414,0.0125000000005377
1191,a,0.5499989609311173,0.05000225996764307,0.7499993182462164,0.012500000000523665
1192,c,0.5499989961867779,0.05000225996764307,0.7499993182462164,0.012500000000522423
1193,b,0.5499989961867779,0.050002183286824674,0.7499993182462164,0.012500000000501848
1194,a,0.5499989961867779,0.050002183286824674,0.7499993413781575,0.012500000000488733
1195,c,0.5499990302462119,0.050002183286824674,0.7499993413781575,0.012500000000487585
1196,b,0.5499990302462119,0.05000210920778996,0.7499993413781575,0.01250000000046836
1197,a,0.5499990302462119,0.05000210920778996,0.7499993637252306,0.012500000000456158
1198,c,0.549999063150008,0.05000210920778996,0.7499993637252306,0.012500000000455053
1199,b,0.549999063150008,0.05000203764226084,0.7499993637252306,0.012500000000437106
1200,a,0.549999063150008,0.05000203764226084,0.7499993853140664,0.012500000000425648
1201,c,0.5499990949373763,0.05000203764226084,0.7499993853140664,0.012500000000424661
1202,b,0.5499990949373763,0.050001968504953656,0.7499993853140664,0.01250000000040798
1203,a,0.5499990949373763,0.050001968504953656,0.7499994061703917,0.012500000000397339
1204,c,0.5499991256461985,0.050001968504953656,0.7499994061703917,0.012500000000396397
1205,b,0.5499991256461985,0.050001901713479215,0.7499994061703917,0.01250000000038076
1206,a,0.5499991256461985,0.050001901713479215,0.7499994263190609,0.01250000000037077
1207,c,0.5499991553130679,0.050001901713479215,0.7499994263190609,0.012500000000369901
1208,b,0.5499991553130679,0.050001837188242755,0.7499994263190609,0.012500000000355322
1209,a,0.5499991553130679,0.050001837188242755,0.7499994457840847,0.01250000000034603
1210,c,0.5499991839733394,0.050001837188242755,0.7499994457840847,0.012500000000345207
1211,b,0.5499991839733394,0.050001774852350876,0.7499994457840847,0.012500000000331624
1212,a,0.5499991839733394,0.050001774852350876,0.7499994645886594,0.012500000000322965
1213,c,0.549999211661166,0.050001774852350876,0.7499994645886594,0.012500000000322212
1214,b,0.549999211661166,0.050001714631518875,0.7499994645886594,0.01250000000030948
1215,a,0.549999211661166,0.050001714631518875,0.7499994827551938,0.012500000000301395
1216,c,0.5499992384095433,0.050001714631518875,0.7499994827551938,0.012500000000300689
1217,b,0.5499992384095433,0.0500016564539832,0.7499994827551938,0.012500000000288843
1218,a,0.5499992384095433,0.0500016564539832,0.7499995003053367,0.012500000000281302
1219,c,0.5499992642503466,0.0500016564539832,0.7499995003053367,0.012500000000280636
1220,b,0.5499992642503466,0.05000160025041416,0.7499995003053367,0.012500000000269617
1221,a,0.5499992642503466,0.05000160025041416,0.7499995172600024,0.012500000000262565
1222,c,0.5499992892143708,0.05000160025041416,0.7499995172600024,0.012500000000261951
1223,b,0.5499992892143708,0.05000154595383499,0.7499995172600024,0.012500000000251622
1224,a,0.5499992892143708,0.05000154595383499,0.7499995336393954,0.012500000000245044
1225,c,0.5499993133313636,0.05000154595383499,0.7499995336393954,0.01250000000024446
1226,b,0.5499993133313636,0.05000149349954164,0.7499995336393954,0.012500000000234832
1227,a,0.5499993133313636,0.05000149349954164,0.7499995494630348,0.01250000000022867
1228,c,0.5499993366300657,0.05000149349954164,0.7499995494630348,0.012500000000228138
1229,b,0.5499993366300657,0.05000144282502512,0.7499995494630348,0.01250000000021914
1230,a,0.5499993366300657,0.05000144282502512,0.7499995647497774,0.012500000000213415
1231,c,0.5499993591382415,0.05000144282502512,0.7499995647497774,0.012500000000212907
1232,b,0.5499993591382415,0.05000139386989742,0.7499995647497774,0.012500000000204514
1233,a,0.5499993591382415,0.05000139386989742,0.7499995795178399,0.012500000000199175
1234,c,0.5499993808827139,0.05000139386989742,0.7499995795178399,0.012500000000198692
1235,b,0.5499993808827139,0.05000134657581994,0.7499995795178399,0.01250000000019093
1236,a,0.5499993808827139,0.05000134657581994,0.7499995937848213,0.012500000000185921
1237,c,0.5499994018893957,0.05000134657581994,0.7499995937848213,0.012500000000185502
1238,b,0.5499994018893957,0.05000130088643294,0.7499995937848213,0.01250000000017813
1239,a,0.5499994018893957,0.05000130088643294,0.7499996075677232,0.012500000000173475
1240,c,0.5499994221833191,0.05000130088643294,0.7499996075677232,0.012500000000173074
1241,b,0.5499994221833191,0.050001256747289294,0.7499996075677232,0.012500000000166305
1242,a,0.5499994221833191,0.050001256747289294,0.7499996208829706,0.012500000000161956
1243,c,0.5499994417886693,0.050001256747289294,0.7499996208829706,0.012500000000161571
1244,b,0.5499994417886693,0.050001214105788803,0.7499996208829706,0.012500000000155198
1245,a,0.5499994417886693,0.050001214105788803,0.749999633746431,0.012500000000151132
1246,c,0.5499994607288086,0.050001214105788803,0.749999633746431,0.012500000000150772
1247,b,0.5499994607288086,0.050001172911116755,0.749999633746431,0.01250000000014482
1248,a,0.5499994607288086,0.050001172911116755,0.7499996461734333,0.012500000000141032
1249,c,0.5499994790263085,0.050001172911116755,0.7499996461734333,0.012500000000140685
1250,b,0.5499994790263085,0.050001133114181986,0.7499996461734333,0.01250000000013518
1251,a,0.5499994790263085,0.050001133114181986,0.749999658178787,0.012500000000131678
1252,c,0.5499994967029727,0.050001133114181986,0.749999658178787,0.012500000000131356
1253,b,0.5499994967029727,0.050001094667559594,0.749999658178787,0.01250000000012614
1254,a,0.5499994967029727,0.050001094667559594,0.7499996697767983,0.012500000000122847
1255,c,0.5499995137798663,0.050001094667559594,0.7499996697767983,0.012500000000122555
1256,b,0.5499995137798663,0.05000105752543301,0.7499996697767983,0.012500000000117743
1257,a,0.5499995137798663,0.05000105752543301,0.7499996809812886,0.012500000000114678
1258,c,0.5499995302773404,0.05000105752543301,0.7499996809812886,0.012500000000114399
1259,b,0.5499995302773404,0.05000102164354076,0.7499996809812886,0.012500000000109895
1260,a,0.5499995302773404,0.05000102164354076,0.7499996918056099,0.012500000000107002
1261,c,0.5499995462150542,0.05000102164354076,0.7499996918056099,0.012500000000106736
1262,b,0.5499995462150542,0.050000986979122884,0.7499996918056099,0.012500000000102566
1263,a,0.5499995462150542,0.050000986979122884,0.7499997022626614,0.012500000000099886
1264,c,0.5499995616120006,0.050000986979122884,0.7499997022626614,0.01250000000009966
1265,b,0.5499995616120006,0.05000095349087046,0.7499997022626614,0.012500000000095733
1266,a,0.5499995616120006,0.05000095349087046,0.7499997123649047,0.012500000000093237
1267,c,0.549999576486528,0.05000095349087046,0.7499997123649047,0.012500000000092992
1268,b,0.549999576486528,0.05000092113887585,0.7499997123649047,0.012500000000089344
1269,a,0.549999576486528,0.05000092113887585,0.7499997221243784,0.012500000000086978
1270,c,0.5499995908563622,0.05000092113887585,0.7499997221243784,0.012500000000086794
1271,b,0.5499995908563622,0.05000088988458603,0.7499997221243784,0.012500000000083375
1272,a,0.5499995908563622,0.05000088988458603,0.7499997315527126,0.012500000000081179
1273,c,0.5499996047386269,0.05000088988458603,0.7499997315527126,0.012500000000080997
1274,b,0.5499996047386269,0.05000085969075612,0.7499997315527126,0.012500000000077829
1275,a,0.5499996047386269,0.05000085969075612,0.7499997406611429,0.012500000000075787
1276,c,0.5499996181498656,0.05000085969075612,0.7499997406611429,0.012500000000075593
1277,b,0.5499996181498656,0.050000830521404235,0.7499997406611429,0.012500000000072595
1278,a,0.5499996181498656,0.050000830521404235,0.7499997494605238,0.012500000000070687
1279,c,0.54999963110606,0.050000830521404235,0.7499997494605238,0.012500000000070519
1280,b,0.54999963110606,0.050000802341770116,0.7499997494605238,0.012500000000067808
1281,a,0.54999963110606,0.050000802341770116,0.7499997579613411,0.012500000000066036
1282,c,0.5499996436226509,0.050000802341770116,0.7499997579613411,0.012500000000065868
1283,b,0.5499996436226509,0.05000077511827276,0.7499997579613411,0.012500000000063257
1284,a,0.5499996436226509,0.05000077511827276,0.7499997661737252,0.012500000000061594
1285,c,0.5499996557145526,0.05000077511827276,0.7499997661737252,0.012500000000061448
1286,b,0.5499996557145526,0.05000074881846978,0.7499997661737252,0.012500000000059021
1287,a,0.5499996557145526,0.05000074881846978,0.7499997741074628,0.012500000000057479
1288,c,0.5499996673961753,0.05000074881846978,0.7499997741074628,0.012500000000057342
1289,b,0.5499996673961753,0.05000072341102069,0.7499997741074628,0.012500000000055094
1290,a,0.5499996673961753,0.05000072341102069,0.7499997817720082,0.012500000000053656
1291,c,0.5499996786814401,0.05000072341102069,0.7499997817720082,0.012500000000053517
1292,b,0.5499996786814401,0.05000069886564746,0.7499997817720082,0.012500000000051397
1293,a,0.5499996786814401,0.05000069886564746,0.7499997891764952,0.012500000000050035
1294,c,0.5499996895837955,0.05000069886564746,0.7499997891764952,0.012500000000049942
1295,b,0.5499996895837955,0.050000675153099854,0.7499997891764952,0.012500000000048011
1296,a,0.5499996895837955,0.050000675153099854,0.7499997963297476,0.012500000000046748
1297,c,0.549999700116234,0.050000675153099854,0.7499997963297476,0.012500000000046646
1298,b,0.549999700116234,0.05000065224512034,0.7499997963297476,0.01250000000004481
1299,a,0.549999700116234,0.05000065224512034,0.7499998032402896,0.012500000000043646
1300,c,0.5499997102913059,0.05000065224512034,0.7499998032402896,0.012500000000043553
1301,b,0.5499997102913059,0.050000630114410125,0.7499998032402896,0.012500000000041773
1302,a,0.5499997102913059,0.050000630114410125,0.7499998099163567,0.012500000000040696
1303,c,0.5499997201211362,0.050000630114410125,0.7499998099163567,0.012500000000040578
1304,b,0.5499997201211362,0.05000060873459563,0.7499998099163567,0.012500000000039002
1305,a,0.5499997201211362,0.05000060873459563,0.7499998163659047,0.012500000000038015
1306,c,0.5499997296174399,0.05000060873459563,0.7499998163659047,0.012500000000037913
1307,b,0.5499997296174399,0.050000588080199346,0.7499998163659047,0.012500000000036397
1308,a,0.5499997296174399,0.050000588080199346,0.749999822596619,0.012500000000035429
1309,c,0.5499997387915343,0.050000588080199346,0.749999822596619,0.012500000000035346
1310,b,0.5499997387915343,0.0500005681266078,0.749999822596619,0.012500000000033968
1311,a,0.5499997387915343,0.0500005681266078,0.7499998286159248,0.012500000000033087
1312,c,0.5499997476543514,0.0500005681266078,0.7499998286159248,0.012500000000033009
1313,b,0.5499997476543514,0.050000548850042445,0.7499998286159248,0.012500000000031692
1314,a,0.5499997476543514,0.050000548850042445,0.7499998344309955,0.012500000000030874
1315,c,0.5499997562164518,0.050000548850042445,0.7499998344309955,0.0125000000000308
1316,b,0.5499997562164518,0.05000053022753218,0.7499998344309955,0.012500000000029599
1317,a,0.5499997562164518,0.05000053022753218,0.7499998400487603,0.012500000000028813
1318,c,0.5499997644880406,0.05000053022753218,0.7499998400487603,0.012500000000028745
1319,b,0.5499997644880406,0.05000051223688473,0.7499998400487603,0.012500000000027633
1320,a,0.5499997644880406,0.05000051223688473,0.7499998454759141,0.012500000000026913
1321,c,0.5499997724789734,0.05000051223688473,0.7499998454759141,0.012500000000026839
1322,b,0.5499997724789734,0.05000049485666074,0.7499998454759141,0.012500000000025793
1323,a,0.5499997724789734,0.05000049485666074,0.7499998507189243,0.01250000000002512
1324,c,0.5499997801987742,0.05000049485666074,0.7499998507189243,0.012500000000025081
1325,b,0.5499997801987742,0.05000047806614865,0.7499998507189243,0.012500000000024094
1326,a,0.5499997801987742,0.05000047806614865,0.7499998557840388,0.012500000000023465
1327,c,0.5499997876566414,0.05000047806614865,0.7499998557840388,0.012500000000023409
1328,b,0.5499997876566414,0.05000046184533957,0.7499998557840388,0.012500000000022462
1329,a,0.5499997876566414,0.05000046184533957,0.7499998606772939,0.012500000000021891
1330,c,0.5499997948614621,0.05000046184533957,0.7499998606772939,0.012500000000021817
1331,b,0.5499997948614621,0.05000044617490345,0.7499998606772939,0.012500000000020968
1332,a,0.5499997948614621,0.05000044617490345,0.7499998654045205,0.01250000000002042
1333,c,0.5499998018218233,0.05000044617490345,0.7499998654045205,0.012500000000020373
1334,b,0.5499998018218233,0.05000043103616595,0.7499998654045205,0.01250000000001956
1335,a,0.5499998018218233,0.05000043103616595,0.749999869971352,0.012500000000019048
1336,c,0.5499998085460187,0.05000043103616595,0.749999869971352,0.012500000000019025
1337,b,0.5499998085460187,0.05000041641108689,0.749999869971352,0.0125000000000183
1338,a,0.5499998085460187,0.05000041641108689,0.7499998743832307,0.012500000000017816
1339,c,0.5499998150420624,0.05000041641108689,0.7499998743832307,0.012500000000017752
1340,b,0.5499998150420624,0.050000402282237184,0.7499998743832307,0.012500000000017032
1341,a,0.5499998150420624,0.050000402282237184,0.7499998786454142,0.012500000000016586
1342,c,0.5499998213176944,0.050000402282237184,0.7499998786454142,0.012500000000016536
1343,b,0.5499998213176944,0.05000038863278026,0.7499998786454142,0.012500000000015889
1344,a,0.5499998213176944,0.05000038863278026,0.7499998827629816,0.012500000000015487
1345,c,0.5499998273803941,0.05000038863278026,0.7499998827629816,0.012500000000015448
1346,b,0.5499998273803941,0.05000037544644975,0.7499998827629816,0.012500000000014829
1347,a,0.5499998273803941,0.05000037544644975,0.7499998867408397,0.012500000000014453
1348,c,0.5499998332373863,0.05000037544644975,0.7499998867408397,0.012500000000014418
1349,b,0.5499998332373863,0.050000362707532275,0.7499998867408397,0.012500000000013849
1350,a,0.5499998332373863,0.050000362707532275,0.7499998905837288,0.0125000000000135
1351,c,0.5499998388956504,0.050000362707532275,0.7499998905837288,0.012500000000013467
1352,b,0.5499998388956504,0.05000035040084733,0.7499998905837288,0.012500000000012926
1353,a,0.5499998388956504,0.05000035040084733,0.7499998942962285,0.012500000000012567
1354,c,0.5499998443619294,0.05000035040084733,0.7499998942962285,0.012500000000012536
1355,b,0.5499998443619294,0.05000033851172831,0.7499998942962285,0.012500000000012043
1356,a,0.5499998443619294,0.05000033851172831,0.7499998978827629,0.012500000000011727
1357,c,0.5499998496427372,0.05000033851172831,0.7499998978827629,0.0125000000000117
1358,b,0.5499998496427372,0.050000327026008255,0.7499998978827629,0.012500000000011292
1359,a,0.5499998496427372,0.050000327026008255,0.749999901347606,0.012500000000010987
1360,c,0.549999854744367,0.050000327026008255,0.749999901347606,0.012500000000010973
1361,b,0.549999854744367,0.05000031592999881,0.749999901347606,0.012500000000010541
1362,a,0.549999854744367,0.05000031592999881,0.7499999046948868,0.012500000000010262
1363,c,0.5499998596728983,0.05000031592999881,0.7499999046948868,0.012500000000010215
1364,b,0.5499998596728983,0.05000030521047754,0.7499999046948868,0.012500000000009812
1365,a,0.5499998596728983,0.05000030521047754,0.7499999079285942,0.012500000000009562
1366,c,0.5499998644342043,0.05000030521047754,0.7499999079285942,0.01250000000000954
1367,b,0.5499998644342043,0.050000294854670155,0.7499999079285942,0.012500000000009141
1368,a,0.5499998644342043,0.050000294854670155,0.7499999110525817,0.01250000000000887
1369,c,0.5499998690339587,0.050000294854670155,0.7499999110525817,0.01250000000000887
1370,b,0.5499998690339587,0.0500002848502363,0.7499999110525817,0.012500000000008558
1371,a,0.5499998690339587,0.0500002848502363,0.7499999140705721,0.01250000000000833
1372,c,0.5499998734776432,0.0500002848502363,0.7499999140705721,0.01250000000000831
1373,b,0.5499998734776432,0.05000027518525333,0.7499999140705721,0.012500000000007973
1374,a,0.5499998734776432,0.05000027518525333,0.749999916986162,0.012500000000007758
1375,c,0.5499998777705533,0.05000027518525333,0.749999916986162,0.012500000000007717
1376,b,0.5499998777705533,0.050000265848203336,0.749999916986162,0.01250000000000743
1377,a,0.5499998777705533,0.050000265848203336,0.7499999198028259,0.01250000000000724
1378,c,0.5499998819178042,0.050000265848203336,0.7499999198028259,0.012500000000007212
1379,b,0.5499998819178042,0.05000025682796024,0.7499999198028259,0.012500000000006943
1380,a,0.5499998819178042,0.05000025682796024,0.7499999225239202,0.01250000000000677
1381,c,0.5499998859243389,0.05000025682796024,0.7499999225239202,0.012500000000006754
1382,b,0.5499998859243389,0.0500002481137743,0.7499999225239202,0.012500000000006471
1383,a,0.5499998859243389,0.0500002481137743,0.7499999251526874,0.012500000000006277
1384,c,0.5499998897949325,0.0500002481137743,0.7499999251526874,0.012500000000006263
1385,b,0.5499998897949325,0.05000023969526118,0.7499999251526874,0.01250000000000607
1386,a,0.5499998897949325,0.05000023969526118,0.7499999276922606,0.012500000000005902
1387,c,0.5499998935341961,0.05000023969526118,0.7499999276922606,0.012500000000005876
1388,b,0.5499998935341961,0.05000023156238852,0.7499999276922606,0.012500000000005623
1389,a,0.5499998935341961,0.05000023156238852,0.749999930145666,0.01250000000000548
1390,c,0.549999897146586,0.05000023156238852,0.749999930145666,0.012500000000005458
1391,b,0.549999897146586,0.050000223705464766,0.749999930145666,0.012500000000005292
1392,a,0.549999897146586,0.050000223705464766,0.7499999325158271,0.012500000000005165
1393,c,0.5499999006364082,0.050000223705464766,0.7499999325158271,0.01250000000000514
1394,b,0.5499999006364082,0.05000021611512676,0.7499999325158271,0.012500000000004901
1395,a,0.5499999006364082,0.05000021611512676,0.7499999348055686,0.012500000000004766
1396,c,0.5499999040078198,0.05000021611512676,0.7499999348055686,0.012500000000004754
1397,b,0.5499999040078198,0.05000020878232928,0.7499999348055686,0.012500000000004568
1398,a,0.5499999040078198,0.05000020878232928,0.749999937017619,0.012500000000004447
1399,c,0.5499999072648394,0.05000020878232928,0.749999937017619,0.012500000000004436
1400,b,0.5499999072648394,0.050000201698334176,0.749999937017619,0.012500000000004249
1401,a,0.5499999072648394,0.050000201698334176,0.7499999391546145,0.01250000000000416
1402,c,0.5499999104113478,0.050000201698334176,0.7499999391546145,0.01250000000000414
1403,b,0.5499999104113478,0.050000194854699434,0.7499999391546145,0.012500000000004025
1404,a,0.5499999104113478,0.050000194854699434,0.7499999412191015,0.012500000000003914
1405,c,0.5499999134510958,0.050000194854699434,0.7499999412191015,0.012500000000003904
1406,b,0.5499999134510958,0.0500001882432693,0.7499999412191015,0.01250000000000371
1407,a,0.5499999134510958,0.0500001882432693,0.7499999432135405,0.012500000000003633
1408,c,0.5499999163877041,0.0500001882432693,0.7499999432135405,0.012500000000003626
1409,b,0.5499999163877041,0.050000181856165886,0.7499999432135405,0.012500000000003503
1410,a,0.5499999163877041,0.050000181856165886,0.7499999451403079,0.012500000000003415
1411,c,0.5499999192246738,0.050000181856165886,0.7499999451403079,0.012500000000003404
1412,b,0.5499999192246738,0.050000175685776735,0.7499999451403079,0.012500000000003227
1413,a,0.5499999192246738,0.050000175685776735,0.7499999470017001,0.012500000000003144
1414,c,0.5499999219653842,0.050000175685776735,0.7499999470017001,0.012500000000003123
1415,b,0.5499999219653842,0.05000016972474925,0.7499999470017001,0.012500000000003028
1416,a,0.5499999219653842,0.05000016972474925,0.7499999487999351,0.01250000000000293
1417,c,0.5499999246131031,0.05000016972474925,0.7499999487999351,0.012500000000002913
1418,b,0.5499999246131031,0.05000016396597979,0.7499999487999351,0.012500000000002797
1419,a,0.5499999246131031,0.05000016396597979,0.7499999505371561,0.012500000000002728
1420,c,0.5499999271709841,0.05000016396597979,0.7499999505371561,0.012500000000002722
1421,b,0.5499999271709841,0.050000158402605265,0.7499999505371561,0.01250000000000263
1422,a,0.5499999271709841,0.050000158402605265,0.749999952215433,0.012500000000002589
1423,c,0.5499999296420763,0.050000158402605265,0.749999952215433,0.012500000000002596
1424,b,0.5499999296420763,0.050000153027996826,0.749999952215433,0.012500000000002454
1425,a,0.5499999296420763,0.050000153027996826,0.7499999538367657,0.012500000000002379
1426,c,0.549999932029325,0.050000153027996826,0.7499999538367657,0.012500000000002351
1427,b,0.549999932029325,0.05000014783574892,0.7499999538367657,0.012500000000002325
1428,a,0.549999932029325,0.05000014783574892,0.7499999554030866,0.012500000000002263
1429,c,0.5499999343355735,0.05000014783574892,0.7499999554030866,0.01250000000000228
1430,b,0.5499999343355735,0.05000014281967451,0.7499999554030866,0.012500000000002164
1431,a,0.5499999343355735,0.05000014281967451,0.7499999569162621,0.01250000000000208
1432,c,0.5499999365635713,0.05000014281967451,0.7499999569162621,0.012500000000002086
1433,b,0.5499999365635713,0.050000137973795385,0.7499999569162621,0.012500000000001983
1434,a,0.5499999365635713,0.050000137973795385,0.7499999583780956,0.012500000000001918
1435,c,0.5499999387159722,0.050000137973795385,0.7499999583780956,0.012500000000001914
1436,b,0.5499999387159722,0.05000013329233737,0.7499999583780956,0.012500000000001892
1437,a,0.5499999387159722,0.05000013329233737,0.749999959790329,0.012500000000001843
1438,c,0.5499999407953426,0.05000013329233737,0.749999959790329,0.01250000000000184
1439,b,0.5499999407953426,0.05000012876972144,0.749999959790329,0.012500000000001728
1440,a,0.5499999407953426,0.05000012876972144,0.7499999611546453,0.012500000000001668
1441,c,0.5499999428041593,0.05000012876972144,0.7499999611546453,0.012500000000001673
1442,b,0.5499999428041593,0.05000012440055812,0.7499999611546453,0.012500000000001635
1443,a,0.5499999428041593,0.05000012440055812,0.7499999624726702,0.012500000000001564
1444,c,0.5499999447448172,0.05000012440055812,0.7499999624726702,0.01250000000000157
1445,b,0.5499999447448172,0.050000120179640666,0.7499999624726702,0.012500000000001538
1446,a,0.5499999447448172,0.050000120179640666,0.7499999637459746,0.012500000000001503
1447,c,0.5499999466196281,0.050000120179640666,0.7499999637459746,0.01250000000000151
1448,b,0.5499999466196281,0.050000116101939183,0.7499999637459746,0.012500000000001408
1449,a,0.5499999466196281,0.050000116101939183,0.7499999649760754,0.01250000000000141
1450,c,0.5499999484308273,0.050000116101939183,0.7499999649760754,0.012500000000001383
1451,b,0.5499999484308273,0.05000011216259459,0.7499999649760754,0.012500000000001345
1452,a,0.5499999484308273,0.05000011216259459,0.749999966164439,0.012500000000001277
1453,c,0.5499999501805717,0.05000011216259459,0.749999966164439,0.012500000000001298
1454,b,0.5499999501805717,0.05000010835691197,0.749999966164439,0.01250000000000122
1455,a,0.5499999501805717,0.05000010835691197,0.7499999673124813,0.012500000000001203
1456,c,0.5499999518709475,0.05000010835691197,0.7499999673124813,0.012500000000001201
1457,b,0.5499999518709475,0.05000010468035627,0.7499999673124813,0.01250000000000111
1458,a,0.5499999518709475,0.05000010468035627,0.7499999684215705,0.012500000000001097
1459,c,0.5499999535039688,0.05000010468035627,0.7499999684215705,0.012500000000001102
1460,b,0.5499999535039688,0.050000101128546505,0.7499999684215705,0.012500000000001066
1461,a,0.5499999535039688,0.050000101128546505,0.7499999694930282,0.012500000000001048
1462,c,0.5499999550815815,0.050000101128546505,0.7499999694930282,0.012500000000001047
1463,b,0.5499999550815815,0.050000097697249855,0.7499999694930282,0.012500000000001016
1464,a,0.5499999550815815,0.050000097697249855,0.7499999705281313,0.012500000000000979
1465,c,0.5499999566056659,0.050000097697249855,0.7499999705281313,0.012500000000000965
1466,b,0.5499999566056659,0.05000009438237691,0.7499999705281313,0.012500000000000915
1467,a,0.5499999566056659,0.05000009438237691,0.7499999715281134,0.012500000000000903
1468,c,0.5499999580780379,0.05000009438237691,0.7499999715281134,0.012500000000000889
1469,b,0.5499999580780379,0.0500000911799778,0.7499999715281134,0.01250000000000087
1470,a,0.5499999580780379,0.0500000911799778,0.7499999724941661,0.01250000000000085
1471,c,0.5499999595004521,0.0500000911799778,0.7499999724941661,0.01250000000000085
1472,b,0.5499999595004521,0.05000008808623641,0.7499999724941661,0.0125000000000008
1473,a,0.5499999595004521,0.05000008808623641,0.7499999734274405,0.012500000000000762
1474,c,0.5499999608746036,0.05000008808623641,0.7499999734274405,0.01250000000000076
1475,b,0.5499999608746036,0.050000085097465785,0.7499999734274405,0.012500000000000755
1476,a,0.5499999608746036,0.050000085097465785,0.7499999743290487,0.012500000000000743
1477,c,0.5499999622021305,0.050000085097465785,0.7499999743290487,0.012500000000000752
1478,b,0.5499999622021305,0.05000008221010458,0.7499999743290487,0.012500000000000712
1479,a,0.5499999622021305,0.05000008221010458,0.7499999752000653,0.01250000000000068
1480,c,0.5499999634846144,0.05000008221010458,0.7499999752000653,0.012500000000000691
1481,b,0.5499999634846144,0.05000007942071148,0.7499999752000653,0.012500000000000636
1482,a,0.5499999634846144,0.05000007942071148,0.7499999760415285,0.012500000000000625
1483,c,0.5499999647235829,0.05000007942071148,0.7499999760415285,0.012500000000000611
1484,b,0.5499999647235829,0.050000076725962676,0.7499999760415285,0.012500000000000653
1485,a,0.5499999647235829,0.050000076725962676,0.7499999768544408,0.012500000000000604
1486,c,0.5499999659205135,0.050000076725962676,0.7499999768544408,0.012500000000000603
1487,b,0.5499999659205135,0.05000007412264651,0.7499999768544408,0.012500000000000568
1488,a,0.5499999659205135,0.05000007412264651,0.7499999776397709,0.012500000000000564
1489,c,0.5499999670768321,0.05000007412264651,0.7499999776397709,0.012500000000000584
1490,b,0.5499999670768321,0.05000007160766121,0.7499999776397709,0.012500000000000516
1491,a,0.5499999670768321,0.05000007160766121,0.7499999783984546,0.01250000000000053
1492,c,0.5499999681939172,0.05000007160766121,0.7499999783984546,0.01250000000000053
1493,b,0.5499999681939172,0.05000006917800955,0.7499999783984546,0.01250000000000052
1494,a,0.5499999681939172,0.05000006917800955,0.7499999791313962,0.012500000000000512
1495,c,0.5499999692730992,0.05000006917800955,0.7499999791313962,0.012500000000000488
1496,b,0.5499999692730992,0.05000006683079583,0.7499999791313962,0.01250000000000047
1497,a,0.5499999692730992,0.05000006683079583,0.7499999798394691,0.012500000000000457
1498,c,0.5499999703156644,0.05000006683079583,0.7499999798394691,0.012500000000000457
1499,b,0.5499999703156644,0.05000006456322329,0.7499999798394691,0.012500000000000438
1500,a,0.5499999703156644,0.05000006456322329,0.7499999805235169,0.0125000000000004
1501,c,0.549999971322856,0.05000006456322329,0.7499999805235169,0.01250000000000042
1502,b,0.549999971322856,0.05000006237258958,0.7499999805235169,0.012500000000000388
1503,a,0.549999971322856,0.05000006237258958,0.7499999811843551,0.0125000000000004
1504,c,0.5499999722958728,0.05000006237258958,0.7499999811843551,0.012500000000000408
1505,b,0.5499999722958728,0.05000006025628423,0.7499999811843551,0.012500000000000393
1506,a,0.5499999722958728,0.05000006025628423,0.7499999818227708,0.012500000000000372
1507,c,0.5499999732358756,0.05000006025628423,0.7499999818227708,0.012500000000000372
1508,b,0.5499999732358756,0.05000005821178556,0.7499999818227708,0.012500000000000391
1509,a,0.5499999732358756,0.05000005821178556,0.7499999824395251,0.012500000000000382
1510,c,0.5499999741439838,0.05000005821178556,0.7499999824395251,0.012500000000000379
1511,b,0.5499999741439838,0.050000056236656425,0.7499999824395251,0.012500000000000344
1512,a,0.5499999741439838,0.050000056236656425,0.7499999830353531,0.012500000000000335
1513,c,0.5499999750212798,0.050000056236656425,0.7499999830353531,0.012500000000000323
1514,b,0.5499999750212798,0.05000005432854339,0.7499999830353531,0.012500000000000339
1515,a,0.5499999750212798,0.05000005432854339,0.7499999836109645,0.012500000000000335
1516,c,0.549999975868809,0.05000005432854339,0.7499999836109645,0.012500000000000358
1517,b,0.549999975868809,0.05000005248517324,0.7499999836109645,0.012500000000000278
1518,a,0.549999975868809,0.05000005248517324,0.7499999841670454,0.012500000000000244
1519,c,0.5499999766875812,0.05000005248517324,0.7499999841670454,0.012500000000000254
1520,b,0.5499999766875812,0.050000050704348355,0.7499999841670454,0.01250000000000027
1521,a,0.5499999766875812,0.050000050704348355,0.7499999847042583,0.012500000000000264
